source,airline,origin,destination,search_date,travel_date,advance_days,total_fare,status
demo_connector,Akasa Air,DEL,BOM,2026-08-10,2026-08-11,1,8950,AVAILABLE
demo_connector,Air India,DEL,BOM,2026-08-10,2026-08-11,1,9186,AVAILABLE
demo_connector,IndiGo,DEL,BOM,2026-08-10,2026-08-11,1,8579,AVAILABLE
demo_connector,SpiceJet,DEL,BOM,2026-08-10,2026-08-11,1,9341,AVAILABLE
demo_connector,SpiceJet,DEL,BOM,2026-08-10,2026-08-17,7,7616,AVAILABLE
demo_connector,IndiGo,DEL,BOM,2026-08-10,2026-08-17,7,7531,AVAILABLE
demo_connector,Air India,DEL,BOM,2026-08-10,2026-08-17,7,7650,AVAILABLE
demo_connector,SpiceJet,DEL,BOM,2026-08-10,2026-08-25,15,7685,AVAILABLE
demo_connector,IndiGo,DEL,BOM,2026-08-10,2026-08-25,15,7248,AVAILABLE
demo_connector,Air India,DEL,BOM,2026-08-10,2026-08-25,15,8001,AVAILABLE
demo_connector,Air India,DEL,BOM,2026-08-10,2026-09-09,30,5942,AVAILABLE
demo_connector,Akasa Air,DEL,BOM,2026-08-10,2026-09-09,30,5946,AVAILABLE
demo_connector,IndiGo,DEL,BOM,2026-08-10,2026-09-09,30,6153,AVAILABLE
demo_connector,SpiceJet,DEL,BOM,2026-08-10,2026-09-09,30,7035,AVAILABLE
demo_connector,IndiGo,DEL,BOM,2026-08-10,2026-09-24,45,5073,AVAILABLE
demo_connector,Akasa Air,DEL,BOM,2026-08-10,2026-09-24,45,5211,AVAILABLE
demo_connector,SpiceJet,DEL,BOM,2026-08-10,2026-09-24,45,5673,AVAILABLE
demo_connector,Air India,DEL,BLR,2026-08-10,2026-08-11,1,11420,AVAILABLE
demo_connector,Akasa Air,DEL,BLR,2026-08-10,2026-08-11,1,10449,AVAILABLE
demo_connector,SpiceJet,DEL,BLR,2026-08-10,2026-08-11,1,11236,AVAILABLE
demo_connector,IndiGo,DEL,BLR,2026-08-10,2026-08-11,1,10002,AVAILABLE
demo_connector,SpiceJet,DEL,BLR,2026-08-10,2026-08-17,7,10234,AVAILABLE
demo_connector,IndiGo,DEL,BLR,2026-08-10,2026-08-17,7,9992,AVAILABLE
demo_connector,Air India,DEL,BLR,2026-08-10,2026-08-25,15,8667,AVAILABLE
demo_connector,SpiceJet,DEL,BLR,2026-08-10,2026-08-25,15,9248,AVAILABLE
demo_connector,Akasa Air,DEL,BLR,2026-08-10,2026-08-25,15,8303,AVAILABLE
demo_connector,Akasa Air,DEL,BLR,2026-08-10,2026-09-09,30,7417,AVAILABLE
demo_connector,IndiGo,DEL,BLR,2026-08-10,2026-09-09,30,8552,AVAILABLE
demo_connector,SpiceJet,DEL,BLR,2026-08-10,2026-09-24,45,5880,AVAILABLE
demo_connector,IndiGo,DEL,BLR,2026-08-10,2026-09-24,45,6415,AVAILABLE
demo_connector,Akasa Air,DEL,BLR,2026-08-10,2026-09-24,45,6468,AVAILABLE
demo_connector,Air India,DEL,BLR,2026-08-10,2026-09-24,45,7067,AVAILABLE
demo_connector,Akasa Air,BOM,BLR,2026-08-10,2026-08-11,1,6572,AVAILABLE
demo_connector,SpiceJet,BOM,BLR,2026-08-10,2026-08-11,1,7224,AVAILABLE
demo_connector,Akasa Air,BOM,BLR,2026-08-10,2026-08-17,7,6690,AVAILABLE
demo_connector,IndiGo,BOM,BLR,2026-08-10,2026-08-17,7,6089,AVAILABLE
demo_connector,SpiceJet,BOM,BLR,2026-08-10,2026-08-25,15,6109,AVAILABLE
demo_connector,Air India,BOM,BLR,2026-08-10,2026-08-25,15,5974,AVAILABLE
demo_connector,SpiceJet,BOM,BLR,2026-08-10,2026-09-09,30,4903,AVAILABLE
demo_connector,IndiGo,BOM,BLR,2026-08-10,2026-09-09,30,5265,AVAILABLE
demo_connector,Air India,BOM,BLR,2026-08-10,2026-09-09,30,5223,AVAILABLE
demo_connector,Akasa Air,BOM,BLR,2026-08-10,2026-09-09,30,5306,AVAILABLE
demo_connector,IndiGo,BOM,BLR,2026-08-10,2026-09-24,45,4335,AVAILABLE
demo_connector,Akasa Air,BOM,BLR,2026-08-10,2026-09-24,45,4620,AVAILABLE
demo_connector,SpiceJet,BOM,BLR,2026-08-10,2026-09-24,45,4007,AVAILABLE
demo_connector,Air India,DEL,CCU,2026-08-10,2026-08-11,1,9559,AVAILABLE
demo_connector,Akasa Air,DEL,CCU,2026-08-10,2026-08-11,1,9517,AVAILABLE
demo_connector,SpiceJet,DEL,CCU,2026-08-10,2026-08-17,7,9144,AVAILABLE
demo_connector,Air India,DEL,CCU,2026-08-10,2026-08-17,7,9372,AVAILABLE
demo_connector,Akasa Air,DEL,CCU,2026-08-10,2026-08-17,7,8491,AVAILABLE
demo_connector,IndiGo,DEL,CCU,2026-08-10,2026-08-25,15,9151,AVAILABLE
demo_connector,Akasa Air,DEL,CCU,2026-08-10,2026-08-25,15,8075,AVAILABLE
demo_connector,Air India,DEL,CCU,2026-08-10,2026-08-25,15,7836,AVAILABLE
demo_connector,IndiGo,DEL,CCU,2026-08-10,2026-09-09,30,7059,AVAILABLE
demo_connector,Air India,DEL,CCU,2026-08-10,2026-09-09,30,6508,AVAILABLE
demo_connector,Air India,DEL,CCU,2026-08-10,2026-09-24,45,5520,AVAILABLE
demo_connector,SpiceJet,DEL,CCU,2026-08-10,2026-09-24,45,5423,AVAILABLE
demo_connector,IndiGo,DEL,CCU,2026-08-10,2026-09-24,45,6339,AVAILABLE
demo_connector,SpiceJet,BLR,HYD,2026-08-10,2026-08-11,1,5992,AVAILABLE
demo_connector,IndiGo,BLR,HYD,2026-08-10,2026-08-11,1,6101,AVAILABLE
demo_connector,Akasa Air,BLR,HYD,2026-08-10,2026-08-11,1,5676,AVAILABLE
demo_connector,Air India,BLR,HYD,2026-08-10,2026-08-11,1,6031,AVAILABLE
demo_connector,IndiGo,BLR,HYD,2026-08-10,2026-08-17,7,5959,AVAILABLE
demo_connector,Air India,BLR,HYD,2026-08-10,2026-08-17,7,6304,AVAILABLE
demo_connector,Air India,BLR,HYD,2026-08-10,2026-08-25,15,5332,AVAILABLE
demo_connector,IndiGo,BLR,HYD,2026-08-10,2026-08-25,15,5454,AVAILABLE
demo_connector,Akasa Air,BLR,HYD,2026-08-10,2026-09-09,30,4477,AVAILABLE
demo_connector,SpiceJet,BLR,HYD,2026-08-10,2026-09-09,30,4142,AVAILABLE
demo_connector,IndiGo,BLR,HYD,2026-08-10,2026-09-09,30,4829,AVAILABLE
demo_connector,Air India,BLR,HYD,2026-08-10,2026-09-24,45,4033,AVAILABLE
demo_connector,Akasa Air,BLR,HYD,2026-08-10,2026-09-24,45,3552,AVAILABLE
demo_connector,IndiGo,BLR,HYD,2026-08-10,2026-09-24,45,3701,AVAILABLE
demo_connector,IndiGo,MAA,DEL,2026-08-10,2026-08-11,1,11153,AVAILABLE
demo_connector,Air India,MAA,DEL,2026-08-10,2026-08-11,1,10562,AVAILABLE
demo_connector,Akasa Air,MAA,DEL,2026-08-10,2026-08-17,7,9806,AVAILABLE
demo_connector,IndiGo,MAA,DEL,2026-08-10,2026-08-17,7,10189,AVAILABLE
demo_connector,Akasa Air,MAA,DEL,2026-08-10,2026-08-25,15,10472,AVAILABLE
demo_connector,Air India,MAA,DEL,2026-08-10,2026-08-25,15,9473,AVAILABLE
demo_connector,IndiGo,MAA,DEL,2026-08-10,2026-08-25,15,10744,AVAILABLE
demo_connector,SpiceJet,MAA,DEL,2026-08-10,2026-08-25,15,9372,AVAILABLE
demo_connector,Air India,MAA,DEL,2026-08-10,2026-09-09,30,8501,AVAILABLE
demo_connector,IndiGo,MAA,DEL,2026-08-10,2026-09-09,30,9153,AVAILABLE
demo_connector,SpiceJet,MAA,DEL,2026-08-10,2026-09-09,30,9089,AVAILABLE
demo_connector,IndiGo,MAA,DEL,2026-08-10,2026-09-24,45,7478,AVAILABLE
demo_connector,Air India,MAA,DEL,2026-08-10,2026-09-24,45,6559,AVAILABLE
demo_connector,SpiceJet,DEL,BOM,2026-08-11,2026-08-12,1,8187,AVAILABLE
demo_connector,IndiGo,DEL,BOM,2026-08-11,2026-08-12,1,9062,AVAILABLE
demo_connector,Air India,DEL,BOM,2026-08-11,2026-08-12,1,8174,AVAILABLE
demo_connector,IndiGo,DEL,BOM,2026-08-11,2026-08-18,7,7903,AVAILABLE
demo_connector,Air India,DEL,BOM,2026-08-11,2026-08-18,7,8589,AVAILABLE
demo_connector,Akasa Air,DEL,BOM,2026-08-11,2026-08-26,15,6967,AVAILABLE
demo_connector,SpiceJet,DEL,BOM,2026-08-11,2026-08-26,15,8138,AVAILABLE
demo_connector,IndiGo,DEL,BOM,2026-08-11,2026-08-26,15,7598,AVAILABLE
demo_connector,Air India,DEL,BOM,2026-08-11,2026-08-26,15,7527,AVAILABLE
demo_connector,Akasa Air,DEL,BOM,2026-08-11,2026-09-10,30,5901,AVAILABLE
demo_connector,SpiceJet,DEL,BOM,2026-08-11,2026-09-10,30,6345,AVAILABLE
demo_connector,Air India,DEL,BOM,2026-08-11,2026-09-10,30,6307,AVAILABLE
demo_connector,SpiceJet,DEL,BOM,2026-08-11,2026-09-25,45,4895,AVAILABLE
demo_connector,Air India,DEL,BOM,2026-08-11,2026-09-25,45,4968,AVAILABLE
demo_connector,IndiGo,DEL,BOM,2026-08-11,2026-09-25,45,5886,AVAILABLE
demo_connector,Akasa Air,DEL,BOM,2026-08-11,2026-09-25,45,5702,AVAILABLE
demo_connector,Air India,DEL,BLR,2026-08-11,2026-08-12,1,10947,AVAILABLE
demo_connector,SpiceJet,DEL,BLR,2026-08-11,2026-08-12,1,9372,AVAILABLE
demo_connector,IndiGo,DEL,BLR,2026-08-11,2026-08-12,1,9566,AVAILABLE
demo_connector,SpiceJet,DEL,BLR,2026-08-11,2026-08-18,7,9369,AVAILABLE
demo_connector,Akasa Air,DEL,BLR,2026-08-11,2026-08-18,7,9273,AVAILABLE
demo_connector,IndiGo,DEL,BLR,2026-08-11,2026-08-26,15,9281,AVAILABLE
demo_connector,SpiceJet,DEL,BLR,2026-08-11,2026-08-26,15,8769,AVAILABLE
demo_connector,IndiGo,DEL,BLR,2026-08-11,2026-09-10,30,7073,AVAILABLE
demo_connector,Akasa Air,DEL,BLR,2026-08-11,2026-09-10,30,7605,AVAILABLE
demo_connector,SpiceJet,DEL,BLR,2026-08-11,2026-09-10,30,7672,AVAILABLE
demo_connector,IndiGo,DEL,BLR,2026-08-11,2026-09-25,45,6860,AVAILABLE
demo_connector,Akasa Air,DEL,BLR,2026-08-11,2026-09-25,45,6878,AVAILABLE
demo_connector,SpiceJet,BOM,BLR,2026-08-11,2026-08-12,1,6787,AVAILABLE
demo_connector,Akasa Air,BOM,BLR,2026-08-11,2026-08-12,1,7594,AVAILABLE
demo_connector,IndiGo,BOM,BLR,2026-08-11,2026-08-18,7,6695,AVAILABLE
demo_connector,Akasa Air,BOM,BLR,2026-08-11,2026-08-18,7,6669,AVAILABLE
demo_connector,Air India,BOM,BLR,2026-08-11,2026-08-18,7,6800,AVAILABLE
demo_connector,SpiceJet,BOM,BLR,2026-08-11,2026-08-26,15,5715,AVAILABLE
demo_connector,Akasa Air,BOM,BLR,2026-08-11,2026-08-26,15,6585,AVAILABLE
demo_connector,Air India,BOM,BLR,2026-08-11,2026-09-10,30,5335,AVAILABLE
demo_connector,IndiGo,BOM,BLR,2026-08-11,2026-09-10,30,4715,AVAILABLE
demo_connector,SpiceJet,BOM,BLR,2026-08-11,2026-09-10,30,4821,AVAILABLE
demo_connector,Akasa Air,BOM,BLR,2026-08-11,2026-09-10,30,5477,AVAILABLE
demo_connector,SpiceJet,BOM,BLR,2026-08-11,2026-09-25,45,4160,AVAILABLE
demo_connector,Air India,BOM,BLR,2026-08-11,2026-09-25,45,3899,AVAILABLE
demo_connector,Akasa Air,BOM,BLR,2026-08-11,2026-09-25,45,4525,AVAILABLE
demo_connector,IndiGo,BOM,BLR,2026-08-11,2026-09-25,45,4632,AVAILABLE
demo_connector,IndiGo,DEL,CCU,2026-08-11,2026-08-12,1,9008,AVAILABLE
demo_connector,SpiceJet,DEL,CCU,2026-08-11,2026-08-12,1,10376,AVAILABLE
demo_connector,Akasa Air,DEL,CCU,2026-08-11,2026-08-12,1,9103,AVAILABLE
demo_connector,Air India,DEL,CCU,2026-08-11,2026-08-12,1,9487,AVAILABLE
demo_connector,IndiGo,DEL,CCU,2026-08-11,2026-08-18,7,9410,AVAILABLE
demo_connector,Akasa Air,DEL,CCU,2026-08-11,2026-08-18,7,8780,AVAILABLE
demo_connector,SpiceJet,DEL,CCU,2026-08-11,2026-08-18,7,9880,AVAILABLE
demo_connector,Air India,DEL,CCU,2026-08-11,2026-08-26,15,7643,AVAILABLE
demo_connector,Akasa Air,DEL,CCU,2026-08-11,2026-08-26,15,9050,AVAILABLE
demo_connector,IndiGo,DEL,CCU,2026-08-11,2026-08-26,15,9219,AVAILABLE
demo_connector,Air India,DEL,CCU,2026-08-11,2026-09-10,30,6965,AVAILABLE
demo_connector,IndiGo,DEL,CCU,2026-08-11,2026-09-10,30,6639,AVAILABLE
demo_connector,IndiGo,DEL,CCU,2026-08-11,2026-09-25,45,5407,AVAILABLE
demo_connector,SpiceJet,DEL,CCU,2026-08-11,2026-09-25,45,6284,AVAILABLE
demo_connector,Akasa Air,DEL,CCU,2026-08-11,2026-09-25,45,5980,AVAILABLE
demo_connector,Air India,BLR,HYD,2026-08-11,2026-08-12,1,6507,AVAILABLE
demo_connector,Akasa Air,BLR,HYD,2026-08-11,2026-08-12,1,6312,AVAILABLE
demo_connector,Akasa Air,BLR,HYD,2026-08-11,2026-08-18,7,5367,AVAILABLE
demo_connector,Air India,BLR,HYD,2026-08-11,2026-08-18,7,6124,AVAILABLE
demo_connector,SpiceJet,BLR,HYD,2026-08-11,2026-08-18,7,5931,AVAILABLE
demo_connector,IndiGo,BLR,HYD,2026-08-11,2026-08-18,7,6117,AVAILABLE
demo_connector,IndiGo,BLR,HYD,2026-08-11,2026-08-26,15,5372,AVAILABLE
demo_connector,Akasa Air,BLR,HYD,2026-08-11,2026-08-26,15,5533,AVAILABLE
demo_connector,SpiceJet,BLR,HYD,2026-08-11,2026-08-26,15,5451,AVAILABLE
demo_connector,Air India,BLR,HYD,2026-08-11,2026-09-10,30,4675,AVAILABLE
demo_connector,IndiGo,BLR,HYD,2026-08-11,2026-09-10,30,4331,AVAILABLE
demo_connector,SpiceJet,BLR,HYD,2026-08-11,2026-09-25,45,4010,AVAILABLE
demo_connector,IndiGo,BLR,HYD,2026-08-11,2026-09-25,45,3759,AVAILABLE
demo_connector,Akasa Air,MAA,DEL,2026-08-11,2026-08-12,1,11298,AVAILABLE
demo_connector,SpiceJet,MAA,DEL,2026-08-11,2026-08-12,1,11951,AVAILABLE
demo_connector,Air India,MAA,DEL,2026-08-11,2026-08-12,1,11874,AVAILABLE
demo_connector,IndiGo,MAA,DEL,2026-08-11,2026-08-12,1,11273,AVAILABLE
demo_connector,Akasa Air,MAA,DEL,2026-08-11,2026-08-18,7,10549,AVAILABLE
demo_connector,Air India,MAA,DEL,2026-08-11,2026-08-18,7,9697,AVAILABLE
demo_connector,IndiGo,MAA,DEL,2026-08-11,2026-08-18,7,11008,AVAILABLE
demo_connector,Akasa Air,MAA,DEL,2026-08-11,2026-08-26,15,10141,AVAILABLE
demo_connector,Air India,MAA,DEL,2026-08-11,2026-08-26,15,9904,AVAILABLE
demo_connector,IndiGo,MAA,DEL,2026-08-11,2026-08-26,15,10178,AVAILABLE
demo_connector,SpiceJet,MAA,DEL,2026-08-11,2026-08-26,15,10497,AVAILABLE
demo_connector,IndiGo,MAA,DEL,2026-08-11,2026-09-10,30,9035,AVAILABLE
demo_connector,Akasa Air,MAA,DEL,2026-08-11,2026-09-10,30,8331,AVAILABLE
demo_connector,SpiceJet,MAA,DEL,2026-08-11,2026-09-10,30,7946,AVAILABLE
demo_connector,SpiceJet,MAA,DEL,2026-08-11,2026-09-25,45,6336,AVAILABLE
demo_connector,Akasa Air,MAA,DEL,2026-08-11,2026-09-25,45,7467,AVAILABLE
demo_connector,Air India,MAA,DEL,2026-08-11,2026-09-25,45,7630,AVAILABLE
demo_connector,SpiceJet,DEL,BOM,2026-08-12,2026-08-13,1,9236,AVAILABLE
demo_connector,IndiGo,DEL,BOM,2026-08-12,2026-08-13,1,8289,AVAILABLE
demo_connector,IndiGo,DEL,BOM,2026-08-12,2026-08-19,7,8506,AVAILABLE
demo_connector,Akasa Air,DEL,BOM,2026-08-12,2026-08-19,7,7578,AVAILABLE
demo_connector,Akasa Air,DEL,BOM,2026-08-12,2026-08-27,15,8134,AVAILABLE
demo_connector,SpiceJet,DEL,BOM,2026-08-12,2026-08-27,15,8313,AVAILABLE
demo_connector,IndiGo,DEL,BOM,2026-08-12,2026-09-11,30,6910,AVAILABLE
demo_connector,Akasa Air,DEL,BOM,2026-08-12,2026-09-11,30,6556,AVAILABLE
demo_connector,SpiceJet,DEL,BOM,2026-08-12,2026-09-11,30,7067,AVAILABLE
demo_connector,IndiGo,DEL,BOM,2026-08-12,2026-09-26,45,5497,AVAILABLE
demo_connector,SpiceJet,DEL,BOM,2026-08-12,2026-09-26,45,5610,AVAILABLE
demo_connector,SpiceJet,DEL,BLR,2026-08-12,2026-08-13,1,10454,AVAILABLE
demo_connector,Air India,DEL,BLR,2026-08-12,2026-08-13,1,11095,AVAILABLE
demo_connector,Akasa Air,DEL,BLR,2026-08-12,2026-08-13,1,9799,AVAILABLE
demo_connector,IndiGo,DEL,BLR,2026-08-12,2026-08-13,1,9535,AVAILABLE
demo_connector,IndiGo,DEL,BLR,2026-08-12,2026-08-19,7,10206,AVAILABLE
demo_connector,SpiceJet,DEL,BLR,2026-08-12,2026-08-19,7,10245,AVAILABLE
demo_connector,Air India,DEL,BLR,2026-08-12,2026-08-27,15,8802,AVAILABLE
demo_connector,Akasa Air,DEL,BLR,2026-08-12,2026-08-27,15,9228,AVAILABLE
demo_connector,SpiceJet,DEL,BLR,2026-08-12,2026-09-11,30,7932,AVAILABLE
demo_connector,IndiGo,DEL,BLR,2026-08-12,2026-09-11,30,7326,AVAILABLE
demo_connector,Air India,DEL,BLR,2026-08-12,2026-09-26,45,6554,AVAILABLE
demo_connector,IndiGo,DEL,BLR,2026-08-12,2026-09-26,45,5858,AVAILABLE
demo_connector,SpiceJet,DEL,BLR,2026-08-12,2026-09-26,45,6279,AVAILABLE
demo_connector,Air India,BOM,BLR,2026-08-12,2026-08-13,1,7438,AVAILABLE
demo_connector,SpiceJet,BOM,BLR,2026-08-12,2026-08-13,1,7195,AVAILABLE
demo_connector,IndiGo,BOM,BLR,2026-08-12,2026-08-13,1,7002,AVAILABLE
demo_connector,Air India,BOM,BLR,2026-08-12,2026-08-19,7,6680,AVAILABLE
demo_connector,Akasa Air,BOM,BLR,2026-08-12,2026-08-19,7,6361,AVAILABLE
demo_connector,IndiGo,BOM,BLR,2026-08-12,2026-08-19,7,7233,AVAILABLE
demo_connector,SpiceJet,BOM,BLR,2026-08-12,2026-08-19,7,6923,AVAILABLE
demo_connector,Air India,BOM,BLR,2026-08-12,2026-08-27,15,6453,AVAILABLE
demo_connector,Akasa Air,BOM,BLR,2026-08-12,2026-08-27,15,6238,AVAILABLE
demo_connector,SpiceJet,BOM,BLR,2026-08-12,2026-09-11,30,5336,AVAILABLE
demo_connector,Akasa Air,BOM,BLR,2026-08-12,2026-09-11,30,5160,AVAILABLE
demo_connector,SpiceJet,BOM,BLR,2026-08-12,2026-09-26,45,3872,AVAILABLE
demo_connector,IndiGo,BOM,BLR,2026-08-12,2026-09-26,45,3936,AVAILABLE
demo_connector,Akasa Air,BOM,BLR,2026-08-12,2026-09-26,45,4205,AVAILABLE
demo_connector,SpiceJet,DEL,CCU,2026-08-12,2026-08-13,1,9664,AVAILABLE
demo_connector,IndiGo,DEL,CCU,2026-08-12,2026-08-13,1,9648,AVAILABLE
demo_connector,Akasa Air,DEL,CCU,2026-08-12,2026-08-13,1,9458,AVAILABLE
demo_connector,Akasa Air,DEL,CCU,2026-08-12,2026-08-19,7,9248,AVAILABLE
demo_connector,SpiceJet,DEL,CCU,2026-08-12,2026-08-19,7,8375,AVAILABLE
demo_connector,IndiGo,DEL,CCU,2026-08-12,2026-08-19,7,9219,AVAILABLE
demo_connector,Air India,DEL,CCU,2026-08-12,2026-08-27,15,9129,AVAILABLE
demo_connector,SpiceJet,DEL,CCU,2026-08-12,2026-08-27,15,8634,AVAILABLE
demo_connector,Akasa Air,DEL,CCU,2026-08-12,2026-08-27,15,8696,AVAILABLE
demo_connector,IndiGo,DEL,CCU,2026-08-12,2026-08-27,15,8503,AVAILABLE
demo_connector,IndiGo,DEL,CCU,2026-08-12,2026-09-11,30,6734,AVAILABLE
demo_connector,Air India,DEL,CCU,2026-08-12,2026-09-11,30,6844,AVAILABLE
demo_connector,Air India,DEL,CCU,2026-08-12,2026-09-26,45,6299,AVAILABLE
demo_connector,IndiGo,DEL,CCU,2026-08-12,2026-09-26,45,5556,AVAILABLE
demo_connector,Akasa Air,DEL,CCU,2026-08-12,2026-09-26,45,5709,AVAILABLE
demo_connector,Akasa Air,BLR,HYD,2026-08-12,2026-08-13,1,5686,AVAILABLE
demo_connector,Air India,BLR,HYD,2026-08-12,2026-08-13,1,5967,AVAILABLE
demo_connector,IndiGo,BLR,HYD,2026-08-12,2026-08-19,7,5192,AVAILABLE
demo_connector,SpiceJet,BLR,HYD,2026-08-12,2026-08-19,7,5462,AVAILABLE
demo_connector,Akasa Air,BLR,HYD,2026-08-12,2026-08-19,7,6006,AVAILABLE
demo_connector,Air India,BLR,HYD,2026-08-12,2026-08-19,7,5850,AVAILABLE
demo_connector,Air India,BLR,HYD,2026-08-12,2026-08-27,15,5255,AVAILABLE
demo_connector,IndiGo,BLR,HYD,2026-08-12,2026-08-27,15,5075,AVAILABLE
demo_connector,Akasa Air,BLR,HYD,2026-08-12,2026-09-11,30,4584,AVAILABLE
demo_connector,IndiGo,BLR,HYD,2026-08-12,2026-09-11,30,4906,AVAILABLE
demo_connector,SpiceJet,BLR,HYD,2026-08-12,2026-09-26,45,3511,AVAILABLE
demo_connector,Air India,BLR,HYD,2026-08-12,2026-09-26,45,3869,AVAILABLE
demo_connector,IndiGo,BLR,HYD,2026-08-12,2026-09-26,45,3405,AVAILABLE
demo_connector,SpiceJet,MAA,DEL,2026-08-12,2026-08-13,1,10613,AVAILABLE
demo_connector,IndiGo,MAA,DEL,2026-08-12,2026-08-13,1,11594,AVAILABLE
demo_connector,IndiGo,MAA,DEL,2026-08-12,2026-08-19,7,9655,AVAILABLE
demo_connector,SpiceJet,MAA,DEL,2026-08-12,2026-08-19,7,11074,AVAILABLE
demo_connector,Akasa Air,MAA,DEL,2026-08-12,2026-08-19,7,11499,AVAILABLE
demo_connector,IndiGo,MAA,DEL,2026-08-12,2026-08-27,15,10896,AVAILABLE
demo_connector,Akasa Air,MAA,DEL,2026-08-12,2026-08-27,15,9045,AVAILABLE
demo_connector,Air India,MAA,DEL,2026-08-12,2026-08-27,15,9697,AVAILABLE
demo_connector,SpiceJet,MAA,DEL,2026-08-12,2026-08-27,15,9023,AVAILABLE
demo_connector,IndiGo,MAA,DEL,2026-08-12,2026-09-11,30,8581,AVAILABLE
demo_connector,Air India,MAA,DEL,2026-08-12,2026-09-11,30,8353,AVAILABLE
demo_connector,SpiceJet,MAA,DEL,2026-08-12,2026-09-11,30,7889,AVAILABLE
demo_connector,Air India,MAA,DEL,2026-08-12,2026-09-26,45,7376,AVAILABLE
demo_connector,IndiGo,MAA,DEL,2026-08-12,2026-09-26,45,6750,AVAILABLE
demo_connector,IndiGo,DEL,BOM,2026-08-13,2026-08-14,1,7825,AVAILABLE
demo_connector,Air India,DEL,BOM,2026-08-13,2026-08-14,1,8775,AVAILABLE
demo_connector,Akasa Air,DEL,BOM,2026-08-13,2026-08-14,1,8415,AVAILABLE
demo_connector,Air India,DEL,BOM,2026-08-13,2026-08-20,7,7600,AVAILABLE
demo_connector,IndiGo,DEL,BOM,2026-08-13,2026-08-20,7,8470,AVAILABLE
demo_connector,SpiceJet,DEL,BOM,2026-08-13,2026-08-20,7,8683,AVAILABLE
demo_connector,Akasa Air,DEL,BOM,2026-08-13,2026-08-20,7,8869,AVAILABLE
demo_connector,Air India,DEL,BOM,2026-08-13,2026-08-28,15,8383,AVAILABLE
demo_connector,IndiGo,DEL,BOM,2026-08-13,2026-08-28,15,7087,AVAILABLE
demo_connector,Air India,DEL,BOM,2026-08-13,2026-09-12,30,7094,AVAILABLE
demo_connector,IndiGo,DEL,BOM,2026-08-13,2026-09-12,30,6078,AVAILABLE
demo_connector,Akasa Air,DEL,BOM,2026-08-13,2026-09-12,30,5983,AVAILABLE
demo_connector,SpiceJet,DEL,BOM,2026-08-13,2026-09-12,30,6850,AVAILABLE
demo_connector,Air India,DEL,BOM,2026-08-13,2026-09-27,45,5857,AVAILABLE
demo_connector,IndiGo,DEL,BOM,2026-08-13,2026-09-27,45,5347,AVAILABLE
demo_connector,Akasa Air,DEL,BOM,2026-08-13,2026-09-27,45,5714,AVAILABLE
demo_connector,SpiceJet,DEL,BOM,2026-08-13,2026-09-27,45,5166,AVAILABLE
demo_connector,Air India,DEL,BLR,2026-08-13,2026-08-14,1,9632,AVAILABLE
demo_connector,Akasa Air,DEL,BLR,2026-08-13,2026-08-14,1,9475,AVAILABLE
demo_connector,IndiGo,DEL,BLR,2026-08-13,2026-08-14,1,11221,AVAILABLE
demo_connector,SpiceJet,DEL,BLR,2026-08-13,2026-08-14,1,10595,AVAILABLE
demo_connector,SpiceJet,DEL,BLR,2026-08-13,2026-08-20,7,10326,AVAILABLE
demo_connector,Air India,DEL,BLR,2026-08-13,2026-08-20,7,9754,AVAILABLE
demo_connector,Akasa Air,DEL,BLR,2026-08-13,2026-08-28,15,8381,AVAILABLE
demo_connector,Air India,DEL,BLR,2026-08-13,2026-08-28,15,9766,AVAILABLE
demo_connector,IndiGo,DEL,BLR,2026-08-13,2026-08-28,15,9944,AVAILABLE
demo_connector,Air India,DEL,BLR,2026-08-13,2026-09-12,30,8532,AVAILABLE
demo_connector,Akasa Air,DEL,BLR,2026-08-13,2026-09-12,30,7162,AVAILABLE
demo_connector,IndiGo,DEL,BLR,2026-08-13,2026-09-12,30,7867,AVAILABLE
demo_connector,SpiceJet,DEL,BLR,2026-08-13,2026-09-12,30,7341,AVAILABLE
demo_connector,Akasa Air,DEL,BLR,2026-08-13,2026-09-27,45,6345,AVAILABLE
demo_connector,Air India,DEL,BLR,2026-08-13,2026-09-27,45,6659,AVAILABLE
demo_connector,IndiGo,DEL,BLR,2026-08-13,2026-09-27,45,6089,AVAILABLE
demo_connector,SpiceJet,DEL,BLR,2026-08-13,2026-09-27,45,6917,AVAILABLE
demo_connector,SpiceJet,BOM,BLR,2026-08-13,2026-08-14,1,7166,AVAILABLE
demo_connector,Akasa Air,BOM,BLR,2026-08-13,2026-08-14,1,7589,AVAILABLE
demo_connector,IndiGo,BOM,BLR,2026-08-13,2026-08-14,1,7396,AVAILABLE
demo_connector,Air India,BOM,BLR,2026-08-13,2026-08-14,1,6474,AVAILABLE
demo_connector,SpiceJet,BOM,BLR,2026-08-13,2026-08-20,7,6472,AVAILABLE
demo_connector,IndiGo,BOM,BLR,2026-08-13,2026-08-20,7,7171,AVAILABLE
demo_connector,Akasa Air,BOM,BLR,2026-08-13,2026-08-20,7,7182,AVAILABLE
demo_connector,Air India,BOM,BLR,2026-08-13,2026-08-20,7,5981,AVAILABLE
demo_connector,IndiGo,BOM,BLR,2026-08-13,2026-08-28,15,5685,AVAILABLE
demo_connector,SpiceJet,BOM,BLR,2026-08-13,2026-08-28,15,6540,AVAILABLE
demo_connector,Air India,BOM,BLR,2026-08-13,2026-08-28,15,6064,AVAILABLE
demo_connector,SpiceJet,BOM,BLR,2026-08-13,2026-09-12,30,5121,AVAILABLE
demo_connector,Akasa Air,BOM,BLR,2026-08-13,2026-09-12,30,5457,AVAILABLE
demo_connector,IndiGo,BOM,BLR,2026-08-13,2026-09-27,45,4283,AVAILABLE
demo_connector,Air India,BOM,BLR,2026-08-13,2026-09-27,45,4041,AVAILABLE
demo_connector,Akasa Air,BOM,BLR,2026-08-13,2026-09-27,45,4594,AVAILABLE
demo_connector,IndiGo,DEL,CCU,2026-08-13,2026-08-14,1,8966,AVAILABLE
demo_connector,Air India,DEL,CCU,2026-08-13,2026-08-14,1,9178,AVAILABLE
demo_connector,Akasa Air,DEL,CCU,2026-08-13,2026-08-14,1,10187,AVAILABLE
demo_connector,SpiceJet,DEL,CCU,2026-08-13,2026-08-20,7,9885,AVAILABLE
demo_connector,IndiGo,DEL,CCU,2026-08-13,2026-08-20,7,8802,AVAILABLE
demo_connector,Air India,DEL,CCU,2026-08-13,2026-08-20,7,9595,AVAILABLE
demo_connector,Akasa Air,DEL,CCU,2026-08-13,2026-08-20,7,8631,AVAILABLE
demo_connector,Akasa Air,DEL,CCU,2026-08-13,2026-08-28,15,8120,AVAILABLE
demo_connector,IndiGo,DEL,CCU,2026-08-13,2026-08-28,15,8783,AVAILABLE
demo_connector,IndiGo,DEL,CCU,2026-08-13,2026-09-12,30,7395,AVAILABLE
demo_connector,SpiceJet,DEL,CCU,2026-08-13,2026-09-12,30,7307,AVAILABLE
demo_connector,Akasa Air,DEL,CCU,2026-08-13,2026-09-12,30,7203,AVAILABLE
demo_connector,Air India,DEL,CCU,2026-08-13,2026-09-12,30,7121,AVAILABLE
demo_connector,SpiceJet,DEL,CCU,2026-08-13,2026-09-27,45,6206,AVAILABLE
demo_connector,Akasa Air,DEL,CCU,2026-08-13,2026-09-27,45,6156,AVAILABLE
demo_connector,Air India,DEL,CCU,2026-08-13,2026-09-27,45,6129,AVAILABLE
demo_connector,IndiGo,DEL,CCU,2026-08-13,2026-09-27,45,5771,AVAILABLE
demo_connector,Akasa Air,BLR,HYD,2026-08-13,2026-08-14,1,6525,AVAILABLE
demo_connector,Air India,BLR,HYD,2026-08-13,2026-08-14,1,6090,AVAILABLE
demo_connector,SpiceJet,BLR,HYD,2026-08-13,2026-08-14,1,5706,AVAILABLE
demo_connector,IndiGo,BLR,HYD,2026-08-13,2026-08-14,1,5727,AVAILABLE
demo_connector,Air India,BLR,HYD,2026-08-13,2026-08-20,7,5617,AVAILABLE
demo_connector,Akasa Air,BLR,HYD,2026-08-13,2026-08-20,7,6194,AVAILABLE
demo_connector,IndiGo,BLR,HYD,2026-08-13,2026-08-20,7,6302,AVAILABLE
demo_connector,SpiceJet,BLR,HYD,2026-08-13,2026-08-20,7,5775,AVAILABLE
demo_connector,Air India,BLR,HYD,2026-08-13,2026-08-28,15,4872,AVAILABLE
demo_connector,Akasa Air,BLR,HYD,2026-08-13,2026-08-28,15,5556,AVAILABLE
demo_connector,IndiGo,BLR,HYD,2026-08-13,2026-08-28,15,5188,AVAILABLE
demo_connector,SpiceJet,BLR,HYD,2026-08-13,2026-08-28,15,5050,AVAILABLE
demo_connector,Air India,BLR,HYD,2026-08-13,2026-09-12,30,4123,AVAILABLE
demo_connector,IndiGo,BLR,HYD,2026-08-13,2026-09-12,30,4531,AVAILABLE
demo_connector,SpiceJet,BLR,HYD,2026-08-13,2026-09-12,30,4479,AVAILABLE
demo_connector,Akasa Air,BLR,HYD,2026-08-13,2026-09-12,30,4797,AVAILABLE
demo_connector,Akasa Air,BLR,HYD,2026-08-13,2026-09-27,45,3579,AVAILABLE
demo_connector,SpiceJet,BLR,HYD,2026-08-13,2026-09-27,45,4124,AVAILABLE
demo_connector,Air India,MAA,DEL,2026-08-13,2026-08-14,1,10958,AVAILABLE
demo_connector,SpiceJet,MAA,DEL,2026-08-13,2026-08-14,1,11258,AVAILABLE
demo_connector,Akasa Air,MAA,DEL,2026-08-13,2026-08-20,7,9914,AVAILABLE
demo_connector,SpiceJet,MAA,DEL,2026-08-13,2026-08-20,7,10098,AVAILABLE
demo_connector,SpiceJet,MAA,DEL,2026-08-13,2026-08-28,15,10846,AVAILABLE
demo_connector,Air India,MAA,DEL,2026-08-13,2026-08-28,15,10373,AVAILABLE
demo_connector,IndiGo,MAA,DEL,2026-08-13,2026-09-12,30,7692,AVAILABLE
demo_connector,Air India,MAA,DEL,2026-08-13,2026-09-12,30,7809,AVAILABLE
demo_connector,Akasa Air,MAA,DEL,2026-08-13,2026-09-12,30,8996,AVAILABLE
demo_connector,SpiceJet,MAA,DEL,2026-08-13,2026-09-12,30,8500,AVAILABLE
demo_connector,SpiceJet,MAA,DEL,2026-08-13,2026-09-27,45,7440,AVAILABLE
demo_connector,Akasa Air,MAA,DEL,2026-08-13,2026-09-27,45,6389,AVAILABLE
demo_connector,Air India,MAA,DEL,2026-08-13,2026-09-27,45,7010,AVAILABLE
demo_connector,IndiGo,MAA,DEL,2026-08-13,2026-09-27,45,6876,AVAILABLE
demo_connector,Air India,DEL,BOM,2026-08-14,2026-08-15,1,9124,AVAILABLE
demo_connector,SpiceJet,DEL,BOM,2026-08-14,2026-08-15,1,8123,AVAILABLE
demo_connector,IndiGo,DEL,BOM,2026-08-14,2026-08-15,1,9102,AVAILABLE
demo_connector,Akasa Air,DEL,BOM,2026-08-14,2026-08-15,1,9465,AVAILABLE
demo_connector,Akasa Air,DEL,BOM,2026-08-14,2026-08-21,7,8880,AVAILABLE
demo_connector,Air India,DEL,BOM,2026-08-14,2026-08-21,7,7666,AVAILABLE
demo_connector,SpiceJet,DEL,BOM,2026-08-14,2026-08-21,7,7921,AVAILABLE
demo_connector,SpiceJet,DEL,BOM,2026-08-14,2026-08-29,15,7856,AVAILABLE
demo_connector,Air India,DEL,BOM,2026-08-14,2026-08-29,15,7235,AVAILABLE
demo_connector,SpiceJet,DEL,BOM,2026-08-14,2026-09-13,30,5901,AVAILABLE
demo_connector,Akasa Air,DEL,BOM,2026-08-14,2026-09-13,30,6644,AVAILABLE
demo_connector,IndiGo,DEL,BOM,2026-08-14,2026-09-13,30,6358,AVAILABLE
demo_connector,Air India,DEL,BOM,2026-08-14,2026-09-13,30,6013,AVAILABLE
demo_connector,IndiGo,DEL,BOM,2026-08-14,2026-09-28,45,5775,AVAILABLE
demo_connector,SpiceJet,DEL,BOM,2026-08-14,2026-09-28,45,4925,AVAILABLE
demo_connector,Air India,DEL,BLR,2026-08-14,2026-08-15,1,9840,AVAILABLE
demo_connector,SpiceJet,DEL,BLR,2026-08-14,2026-08-15,1,10672,AVAILABLE
demo_connector,Akasa Air,DEL,BLR,2026-08-14,2026-08-15,1,9779,AVAILABLE
demo_connector,IndiGo,DEL,BLR,2026-08-14,2026-08-15,1,9783,AVAILABLE
demo_connector,SpiceJet,DEL,BLR,2026-08-14,2026-08-21,7,9044,AVAILABLE
demo_connector,Air India,DEL,BLR,2026-08-14,2026-08-21,7,10821,AVAILABLE
demo_connector,Akasa Air,DEL,BLR,2026-08-14,2026-08-21,7,8996,AVAILABLE
demo_connector,SpiceJet,DEL,BLR,2026-08-14,2026-08-29,15,8542,AVAILABLE
demo_connector,IndiGo,DEL,BLR,2026-08-14,2026-08-29,15,9438,AVAILABLE
demo_connector,Air India,DEL,BLR,2026-08-14,2026-08-29,15,10037,AVAILABLE
demo_connector,Air India,DEL,BLR,2026-08-14,2026-09-13,30,7106,AVAILABLE
demo_connector,IndiGo,DEL,BLR,2026-08-14,2026-09-13,30,8238,AVAILABLE
demo_connector,IndiGo,DEL,BLR,2026-08-14,2026-09-28,45,6004,AVAILABLE
demo_connector,Air India,DEL,BLR,2026-08-14,2026-09-28,45,6477,AVAILABLE
demo_connector,IndiGo,BOM,BLR,2026-08-14,2026-08-15,1,6674,AVAILABLE
demo_connector,Air India,BOM,BLR,2026-08-14,2026-08-15,1,6593,AVAILABLE
demo_connector,Akasa Air,BOM,BLR,2026-08-14,2026-08-15,1,7206,AVAILABLE
demo_connector,SpiceJet,BOM,BLR,2026-08-14,2026-08-21,7,6412,AVAILABLE
demo_connector,Akasa Air,BOM,BLR,2026-08-14,2026-08-21,7,6586,AVAILABLE
demo_connector,Akasa Air,BOM,BLR,2026-08-14,2026-08-29,15,6472,AVAILABLE
demo_connector,Air India,BOM,BLR,2026-08-14,2026-08-29,15,6230,AVAILABLE
demo_connector,Air India,BOM,BLR,2026-08-14,2026-09-13,30,5007,AVAILABLE
demo_connector,SpiceJet,BOM,BLR,2026-08-14,2026-09-13,30,5113,AVAILABLE
demo_connector,Akasa Air,BOM,BLR,2026-08-14,2026-09-13,30,5712,AVAILABLE
demo_connector,IndiGo,BOM,BLR,2026-08-14,2026-09-13,30,5001,AVAILABLE
demo_connector,IndiGo,BOM,BLR,2026-08-14,2026-09-28,45,4448,AVAILABLE
demo_connector,Air India,BOM,BLR,2026-08-14,2026-09-28,45,4339,AVAILABLE
demo_connector,Akasa Air,BOM,BLR,2026-08-14,2026-09-28,45,4420,AVAILABLE
demo_connector,SpiceJet,BOM,BLR,2026-08-14,2026-09-28,45,4189,AVAILABLE
demo_connector,Akasa Air,DEL,CCU,2026-08-14,2026-08-15,1,9256,AVAILABLE
demo_connector,Air India,DEL,CCU,2026-08-14,2026-08-15,1,9002,AVAILABLE
demo_connector,Akasa Air,DEL,CCU,2026-08-14,2026-08-21,7,9938,AVAILABLE
demo_connector,SpiceJet,DEL,CCU,2026-08-14,2026-08-21,7,8926,AVAILABLE
demo_connector,IndiGo,DEL,CCU,2026-08-14,2026-08-21,7,8767,AVAILABLE
demo_connector,Air India,DEL,CCU,2026-08-14,2026-08-21,7,8215,AVAILABLE
demo_connector,SpiceJet,DEL,CCU,2026-08-14,2026-08-29,15,7560,AVAILABLE
demo_connector,Akasa Air,DEL,CCU,2026-08-14,2026-08-29,15,8442,AVAILABLE
demo_connector,Air India,DEL,CCU,2026-08-14,2026-08-29,15,8488,AVAILABLE
demo_connector,Akasa Air,DEL,CCU,2026-08-14,2026-09-13,30,6447,AVAILABLE
demo_connector,Air India,DEL,CCU,2026-08-14,2026-09-13,30,6769,AVAILABLE
demo_connector,SpiceJet,DEL,CCU,2026-08-14,2026-09-28,45,5463,AVAILABLE
demo_connector,Air India,DEL,CCU,2026-08-14,2026-09-28,45,6321,AVAILABLE
demo_connector,Akasa Air,DEL,CCU,2026-08-14,2026-09-28,45,6335,AVAILABLE
demo_connector,IndiGo,DEL,CCU,2026-08-14,2026-09-28,45,5998,AVAILABLE
demo_connector,Air India,BLR,HYD,2026-08-14,2026-08-15,1,6268,AVAILABLE
demo_connector,SpiceJet,BLR,HYD,2026-08-14,2026-08-15,1,6194,AVAILABLE
demo_connector,Akasa Air,BLR,HYD,2026-08-14,2026-08-15,1,6049,AVAILABLE
demo_connector,IndiGo,BLR,HYD,2026-08-14,2026-08-15,1,6530,AVAILABLE
demo_connector,Akasa Air,BLR,HYD,2026-08-14,2026-08-21,7,5511,AVAILABLE
demo_connector,SpiceJet,BLR,HYD,2026-08-14,2026-08-21,7,5932,AVAILABLE
demo_connector,IndiGo,BLR,HYD,2026-08-14,2026-08-21,7,5262,AVAILABLE
demo_connector,Air India,BLR,HYD,2026-08-14,2026-08-21,7,5656,AVAILABLE
demo_connector,Air India,BLR,HYD,2026-08-14,2026-08-29,15,5742,AVAILABLE
demo_connector,IndiGo,BLR,HYD,2026-08-14,2026-08-29,15,5645,AVAILABLE
demo_connector,SpiceJet,BLR,HYD,2026-08-14,2026-08-29,15,5302,AVAILABLE
demo_connector,Air India,BLR,HYD,2026-08-14,2026-09-13,30,4314,AVAILABLE
demo_connector,Akasa Air,BLR,HYD,2026-08-14,2026-09-13,30,4898,AVAILABLE
demo_connector,IndiGo,BLR,HYD,2026-08-14,2026-09-28,45,3662,AVAILABLE
demo_connector,Air India,BLR,HYD,2026-08-14,2026-09-28,45,3883,AVAILABLE
demo_connector,Akasa Air,BLR,HYD,2026-08-14,2026-09-28,45,3459,AVAILABLE
demo_connector,Air India,MAA,DEL,2026-08-14,2026-08-15,1,11930,AVAILABLE
demo_connector,IndiGo,MAA,DEL,2026-08-14,2026-08-15,1,10312,AVAILABLE
demo_connector,SpiceJet,MAA,DEL,2026-08-14,2026-08-15,1,12141,AVAILABLE
demo_connector,Air India,MAA,DEL,2026-08-14,2026-08-21,7,10263,AVAILABLE
demo_connector,Akasa Air,MAA,DEL,2026-08-14,2026-08-21,7,9828,AVAILABLE
demo_connector,SpiceJet,MAA,DEL,2026-08-14,2026-08-21,7,11507,AVAILABLE
demo_connector,IndiGo,MAA,DEL,2026-08-14,2026-08-21,7,10047,AVAILABLE
demo_connector,Air India,MAA,DEL,2026-08-14,2026-08-29,15,9630,AVAILABLE
demo_connector,Akasa Air,MAA,DEL,2026-08-14,2026-08-29,15,9548,AVAILABLE
demo_connector,SpiceJet,MAA,DEL,2026-08-14,2026-09-13,30,7750,AVAILABLE
demo_connector,IndiGo,MAA,DEL,2026-08-14,2026-09-13,30,8019,AVAILABLE
demo_connector,SpiceJet,MAA,DEL,2026-08-14,2026-09-28,45,7149,AVAILABLE
demo_connector,Akasa Air,MAA,DEL,2026-08-14,2026-09-28,45,6858,AVAILABLE
demo_connector,Air India,MAA,DEL,2026-08-14,2026-09-28,45,7517,AVAILABLE
demo_connector,IndiGo,DEL,BOM,2026-08-15,2026-08-16,1,8163,AVAILABLE
demo_connector,Air India,DEL,BOM,2026-08-15,2026-08-16,1,8245,AVAILABLE
demo_connector,Akasa Air,DEL,BOM,2026-08-15,2026-08-16,1,8155,AVAILABLE
demo_connector,SpiceJet,DEL,BOM,2026-08-15,2026-08-16,1,8438,AVAILABLE
demo_connector,Air India,DEL,BOM,2026-08-15,2026-08-22,7,7960,AVAILABLE
demo_connector,SpiceJet,DEL,BOM,2026-08-15,2026-08-22,7,7618,AVAILABLE
demo_connector,Akasa Air,DEL,BOM,2026-08-15,2026-08-22,7,7756,AVAILABLE
demo_connector,IndiGo,DEL,BOM,2026-08-15,2026-08-22,7,8794,AVAILABLE
demo_connector,IndiGo,DEL,BOM,2026-08-15,2026-08-30,15,8372,AVAILABLE
demo_connector,Akasa Air,DEL,BOM,2026-08-15,2026-08-30,15,7934,AVAILABLE
demo_connector,SpiceJet,DEL,BOM,2026-08-15,2026-08-30,15,7369,AVAILABLE
demo_connector,Air India,DEL,BOM,2026-08-15,2026-08-30,15,7979,AVAILABLE
demo_connector,Air India,DEL,BOM,2026-08-15,2026-09-14,30,6249,AVAILABLE
demo_connector,IndiGo,DEL,BOM,2026-08-15,2026-09-14,30,6216,AVAILABLE
demo_connector,Akasa Air,DEL,BOM,2026-08-15,2026-09-14,30,6896,AVAILABLE
demo_connector,SpiceJet,DEL,BOM,2026-08-15,2026-09-29,45,5695,AVAILABLE
demo_connector,Akasa Air,DEL,BOM,2026-08-15,2026-09-29,45,5839,AVAILABLE
demo_connector,Air India,DEL,BLR,2026-08-15,2026-08-16,1,11364,AVAILABLE
demo_connector,IndiGo,DEL,BLR,2026-08-15,2026-08-16,1,9871,AVAILABLE
demo_connector,SpiceJet,DEL,BLR,2026-08-15,2026-08-16,1,11171,AVAILABLE
demo_connector,IndiGo,DEL,BLR,2026-08-15,2026-08-22,7,10027,AVAILABLE
demo_connector,Akasa Air,DEL,BLR,2026-08-15,2026-08-22,7,10757,AVAILABLE
demo_connector,Air India,DEL,BLR,2026-08-15,2026-08-30,15,8698,AVAILABLE
demo_connector,SpiceJet,DEL,BLR,2026-08-15,2026-08-30,15,9911,AVAILABLE
demo_connector,Akasa Air,DEL,BLR,2026-08-15,2026-08-30,15,9104,AVAILABLE
demo_connector,IndiGo,DEL,BLR,2026-08-15,2026-08-30,15,10002,AVAILABLE
demo_connector,IndiGo,DEL,BLR,2026-08-15,2026-09-14,30,7560,AVAILABLE
demo_connector,Air India,DEL,BLR,2026-08-15,2026-09-14,30,8272,AVAILABLE
demo_connector,Akasa Air,DEL,BLR,2026-08-15,2026-09-14,30,7079,AVAILABLE
demo_connector,Akasa Air,DEL,BLR,2026-08-15,2026-09-29,45,6004,AVAILABLE
demo_connector,Air India,DEL,BLR,2026-08-15,2026-09-29,45,6364,AVAILABLE
demo_connector,Akasa Air,BOM,BLR,2026-08-15,2026-08-16,1,6478,AVAILABLE
demo_connector,Air India,BOM,BLR,2026-08-15,2026-08-16,1,6988,AVAILABLE
demo_connector,IndiGo,BOM,BLR,2026-08-15,2026-08-16,1,6480,AVAILABLE
demo_connector,IndiGo,BOM,BLR,2026-08-15,2026-08-22,7,6083,AVAILABLE
demo_connector,Akasa Air,BOM,BLR,2026-08-15,2026-08-22,7,7118,AVAILABLE
demo_connector,Air India,BOM,BLR,2026-08-15,2026-08-22,7,6367,AVAILABLE
demo_connector,SpiceJet,BOM,BLR,2026-08-15,2026-08-22,7,7219,AVAILABLE
demo_connector,IndiGo,BOM,BLR,2026-08-15,2026-08-30,15,6230,AVAILABLE
demo_connector,SpiceJet,BOM,BLR,2026-08-15,2026-08-30,15,6554,AVAILABLE
demo_connector,Air India,BOM,BLR,2026-08-15,2026-08-30,15,6515,AVAILABLE
demo_connector,Air India,BOM,BLR,2026-08-15,2026-09-14,30,5078,AVAILABLE
demo_connector,Akasa Air,BOM,BLR,2026-08-15,2026-09-14,30,5112,AVAILABLE
demo_connector,SpiceJet,BOM,BLR,2026-08-15,2026-09-14,30,4848,AVAILABLE
demo_connector,Air India,BOM,BLR,2026-08-15,2026-09-29,45,4020,AVAILABLE
demo_connector,Akasa Air,BOM,BLR,2026-08-15,2026-09-29,45,4174,AVAILABLE
demo_connector,SpiceJet,DEL,CCU,2026-08-15,2026-08-16,1,9954,AVAILABLE
demo_connector,IndiGo,DEL,CCU,2026-08-15,2026-08-16,1,10313,AVAILABLE
demo_connector,Air India,DEL,CCU,2026-08-15,2026-08-16,1,8721,AVAILABLE
demo_connector,Air India,DEL,CCU,2026-08-15,2026-08-22,7,9343,AVAILABLE
demo_connector,IndiGo,DEL,CCU,2026-08-15,2026-08-22,7,8174,AVAILABLE
demo_connector,Akasa Air,DEL,CCU,2026-08-15,2026-08-22,7,9467,AVAILABLE
demo_connector,SpiceJet,DEL,CCU,2026-08-15,2026-08-22,7,8200,AVAILABLE
demo_connector,SpiceJet,DEL,CCU,2026-08-15,2026-08-30,15,7725,AVAILABLE
demo_connector,IndiGo,DEL,CCU,2026-08-15,2026-08-30,15,8100,AVAILABLE
demo_connector,Akasa Air,DEL,CCU,2026-08-15,2026-08-30,15,8184,AVAILABLE
demo_connector,Akasa Air,DEL,CCU,2026-08-15,2026-09-14,30,7864,AVAILABLE
demo_connector,IndiGo,DEL,CCU,2026-08-15,2026-09-14,30,6707,AVAILABLE
demo_connector,Air India,DEL,CCU,2026-08-15,2026-09-14,30,7090,AVAILABLE
demo_connector,SpiceJet,DEL,CCU,2026-08-15,2026-09-14,30,7570,AVAILABLE
demo_connector,Akasa Air,DEL,CCU,2026-08-15,2026-09-29,45,6312,AVAILABLE
demo_connector,IndiGo,DEL,CCU,2026-08-15,2026-09-29,45,5665,AVAILABLE
demo_connector,SpiceJet,DEL,CCU,2026-08-15,2026-09-29,45,6065,AVAILABLE
demo_connector,Air India,DEL,CCU,2026-08-15,2026-09-29,45,5863,AVAILABLE
demo_connector,SpiceJet,BLR,HYD,2026-08-15,2026-08-16,1,5545,AVAILABLE
demo_connector,IndiGo,BLR,HYD,2026-08-15,2026-08-16,1,6650,AVAILABLE
demo_connector,Air India,BLR,HYD,2026-08-15,2026-08-22,7,5244,AVAILABLE
demo_connector,IndiGo,BLR,HYD,2026-08-15,2026-08-22,7,5908,AVAILABLE
demo_connector,Akasa Air,BLR,HYD,2026-08-15,2026-08-22,7,5754,AVAILABLE
demo_connector,SpiceJet,BLR,HYD,2026-08-15,2026-08-22,7,5636,AVAILABLE
demo_connector,Akasa Air,BLR,HYD,2026-08-15,2026-08-30,15,5487,AVAILABLE
demo_connector,Air India,BLR,HYD,2026-08-15,2026-08-30,15,5235,AVAILABLE
demo_connector,SpiceJet,BLR,HYD,2026-08-15,2026-08-30,15,5022,AVAILABLE
demo_connector,IndiGo,BLR,HYD,2026-08-15,2026-08-30,15,5035,AVAILABLE
demo_connector,SpiceJet,BLR,HYD,2026-08-15,2026-09-14,30,4781,AVAILABLE
demo_connector,Akasa Air,BLR,HYD,2026-08-15,2026-09-14,30,4645,AVAILABLE
demo_connector,IndiGo,BLR,HYD,2026-08-15,2026-09-14,30,4192,AVAILABLE
demo_connector,Air India,BLR,HYD,2026-08-15,2026-09-14,30,4386,AVAILABLE
demo_connector,Air India,BLR,HYD,2026-08-15,2026-09-29,45,3501,AVAILABLE
demo_connector,IndiGo,BLR,HYD,2026-08-15,2026-09-29,45,3424,AVAILABLE
demo_connector,SpiceJet,BLR,HYD,2026-08-15,2026-09-29,45,3890,AVAILABLE
demo_connector,Akasa Air,BLR,HYD,2026-08-15,2026-09-29,45,3702,AVAILABLE
demo_connector,SpiceJet,MAA,DEL,2026-08-15,2026-08-16,1,11098,AVAILABLE
demo_connector,Air India,MAA,DEL,2026-08-15,2026-08-16,1,11444,AVAILABLE
demo_connector,IndiGo,MAA,DEL,2026-08-15,2026-08-16,1,11978,AVAILABLE
demo_connector,Akasa Air,MAA,DEL,2026-08-15,2026-08-16,1,11788,AVAILABLE
demo_connector,SpiceJet,MAA,DEL,2026-08-15,2026-08-22,7,11658,AVAILABLE
demo_connector,Akasa Air,MAA,DEL,2026-08-15,2026-08-22,7,11476,AVAILABLE
demo_connector,Air India,MAA,DEL,2026-08-15,2026-08-30,15,9215,AVAILABLE
demo_connector,SpiceJet,MAA,DEL,2026-08-15,2026-08-30,15,10235,AVAILABLE
demo_connector,Akasa Air,MAA,DEL,2026-08-15,2026-09-14,30,8826,AVAILABLE
demo_connector,Air India,MAA,DEL,2026-08-15,2026-09-14,30,8648,AVAILABLE
demo_connector,IndiGo,MAA,DEL,2026-08-15,2026-09-14,30,8569,AVAILABLE
demo_connector,SpiceJet,MAA,DEL,2026-08-15,2026-09-14,30,8366,AVAILABLE
demo_connector,Akasa Air,MAA,DEL,2026-08-15,2026-09-29,45,7323,AVAILABLE
demo_connector,SpiceJet,MAA,DEL,2026-08-15,2026-09-29,45,6500,AVAILABLE
demo_connector,Air India,MAA,DEL,2026-08-15,2026-09-29,45,7046,AVAILABLE
demo_connector,IndiGo,MAA,DEL,2026-08-15,2026-09-29,45,6723,AVAILABLE
demo_connector,Air India,DEL,BOM,2026-08-16,2026-08-17,1,8123,AVAILABLE
demo_connector,Akasa Air,DEL,BOM,2026-08-16,2026-08-17,1,9010,AVAILABLE
demo_connector,SpiceJet,DEL,BOM,2026-08-16,2026-08-17,1,7924,AVAILABLE
demo_connector,IndiGo,DEL,BOM,2026-08-16,2026-08-23,7,8679,AVAILABLE
demo_connector,Akasa Air,DEL,BOM,2026-08-16,2026-08-23,7,9042,AVAILABLE
demo_connector,Air India,DEL,BOM,2026-08-16,2026-08-23,7,8431,AVAILABLE
demo_connector,SpiceJet,DEL,BOM,2026-08-16,2026-08-23,7,8534,AVAILABLE
demo_connector,Akasa Air,DEL,BOM,2026-08-16,2026-08-31,15,8164,AVAILABLE
demo_connector,SpiceJet,DEL,BOM,2026-08-16,2026-08-31,15,8212,AVAILABLE
demo_connector,Air India,DEL,BOM,2026-08-16,2026-08-31,15,8127,AVAILABLE
demo_connector,IndiGo,DEL,BOM,2026-08-16,2026-08-31,15,7413,AVAILABLE
demo_connector,IndiGo,DEL,BOM,2026-08-16,2026-09-15,30,7020,AVAILABLE
demo_connector,Air India,DEL,BOM,2026-08-16,2026-09-15,30,6202,AVAILABLE
demo_connector,Akasa Air,DEL,BOM,2026-08-16,2026-09-30,45,5094,AVAILABLE
demo_connector,SpiceJet,DEL,BOM,2026-08-16,2026-09-30,45,4931,AVAILABLE
demo_connector,IndiGo,DEL,BOM,2026-08-16,2026-09-30,45,5825,AVAILABLE
demo_connector,IndiGo,DEL,BLR,2026-08-16,2026-08-17,1,9862,AVAILABLE
demo_connector,SpiceJet,DEL,BLR,2026-08-16,2026-08-17,1,10696,AVAILABLE
demo_connector,Air India,DEL,BLR,2026-08-16,2026-08-17,1,10242,AVAILABLE
demo_connector,Akasa Air,DEL,BLR,2026-08-16,2026-08-17,1,9425,AVAILABLE
demo_connector,SpiceJet,DEL,BLR,2026-08-16,2026-08-23,7,9766,AVAILABLE
demo_connector,Akasa Air,DEL,BLR,2026-08-16,2026-08-23,7,10227,AVAILABLE
demo_connector,IndiGo,DEL,BLR,2026-08-16,2026-08-23,7,10403,AVAILABLE
demo_connector,SpiceJet,DEL,BLR,2026-08-16,2026-08-31,15,8461,AVAILABLE
demo_connector,Air India,DEL,BLR,2026-08-16,2026-08-31,15,9389,AVAILABLE
demo_connector,IndiGo,DEL,BLR,2026-08-16,2026-08-31,15,8544,AVAILABLE
demo_connector,Akasa Air,DEL,BLR,2026-08-16,2026-08-31,15,8737,AVAILABLE
demo_connector,Akasa Air,DEL,BLR,2026-08-16,2026-09-15,30,7875,AVAILABLE
demo_connector,IndiGo,DEL,BLR,2026-08-16,2026-09-15,30,8368,AVAILABLE
demo_connector,SpiceJet,DEL,BLR,2026-08-16,2026-09-15,30,7671,AVAILABLE
demo_connector,Air India,DEL,BLR,2026-08-16,2026-09-15,30,7744,AVAILABLE
demo_connector,SpiceJet,DEL,BLR,2026-08-16,2026-09-30,45,6534,AVAILABLE
demo_connector,Air India,DEL,BLR,2026-08-16,2026-09-30,45,5967,AVAILABLE
demo_connector,Akasa Air,DEL,BLR,2026-08-16,2026-09-30,45,6374,AVAILABLE
demo_connector,Akasa Air,BOM,BLR,2026-08-16,2026-08-17,1,6619,AVAILABLE
demo_connector,Air India,BOM,BLR,2026-08-16,2026-08-17,1,6369,AVAILABLE
demo_connector,SpiceJet,BOM,BLR,2026-08-16,2026-08-17,1,6694,AVAILABLE
demo_connector,IndiGo,BOM,BLR,2026-08-16,2026-08-17,1,7399,AVAILABLE
demo_connector,SpiceJet,BOM,BLR,2026-08-16,2026-08-23,7,6128,AVAILABLE
demo_connector,Air India,BOM,BLR,2026-08-16,2026-08-23,7,7159,AVAILABLE
demo_connector,Akasa Air,BOM,BLR,2026-08-16,2026-08-31,15,5952,AVAILABLE
demo_connector,IndiGo,BOM,BLR,2026-08-16,2026-08-31,15,5718,AVAILABLE
demo_connector,SpiceJet,BOM,BLR,2026-08-16,2026-08-31,15,5754,AVAILABLE
demo_connector,Akasa Air,BOM,BLR,2026-08-16,2026-09-15,30,4853,AVAILABLE
demo_connector,IndiGo,BOM,BLR,2026-08-16,2026-09-15,30,4933,AVAILABLE
demo_connector,IndiGo,BOM,BLR,2026-08-16,2026-09-30,45,4110,AVAILABLE
demo_connector,SpiceJet,BOM,BLR,2026-08-16,2026-09-30,45,4311,AVAILABLE
demo_connector,Akasa Air,BOM,BLR,2026-08-16,2026-09-30,45,4079,AVAILABLE
demo_connector,SpiceJet,DEL,CCU,2026-08-16,2026-08-17,1,9545,AVAILABLE
demo_connector,Akasa Air,DEL,CCU,2026-08-16,2026-08-17,1,8761,AVAILABLE
demo_connector,Air India,DEL,CCU,2026-08-16,2026-08-17,1,9339,AVAILABLE
demo_connector,IndiGo,DEL,CCU,2026-08-16,2026-08-17,1,8784,AVAILABLE
demo_connector,Air India,DEL,CCU,2026-08-16,2026-08-23,7,9288,AVAILABLE
demo_connector,SpiceJet,DEL,CCU,2026-08-16,2026-08-23,7,8681,AVAILABLE
demo_connector,IndiGo,DEL,CCU,2026-08-16,2026-08-31,15,7565,AVAILABLE
demo_connector,Akasa Air,DEL,CCU,2026-08-16,2026-08-31,15,8785,AVAILABLE
demo_connector,Air India,DEL,CCU,2026-08-16,2026-08-31,15,8064,AVAILABLE
demo_connector,SpiceJet,DEL,CCU,2026-08-16,2026-09-15,30,7765,AVAILABLE
demo_connector,IndiGo,DEL,CCU,2026-08-16,2026-09-15,30,6439,AVAILABLE
demo_connector,Air India,DEL,CCU,2026-08-16,2026-09-15,30,6678,AVAILABLE
demo_connector,Akasa Air,DEL,CCU,2026-08-16,2026-09-15,30,6914,AVAILABLE
demo_connector,Akasa Air,DEL,CCU,2026-08-16,2026-09-30,45,5969,AVAILABLE
demo_connector,Air India,DEL,CCU,2026-08-16,2026-09-30,45,6383,AVAILABLE
demo_connector,IndiGo,DEL,CCU,2026-08-16,2026-09-30,45,6462,AVAILABLE
demo_connector,SpiceJet,DEL,CCU,2026-08-16,2026-09-30,45,5778,AVAILABLE
demo_connector,SpiceJet,BLR,HYD,2026-08-16,2026-08-17,1,6652,AVAILABLE
demo_connector,IndiGo,BLR,HYD,2026-08-16,2026-08-17,1,6202,AVAILABLE
demo_connector,Akasa Air,BLR,HYD,2026-08-16,2026-08-17,1,5688,AVAILABLE
demo_connector,Air India,BLR,HYD,2026-08-16,2026-08-23,7,5627,AVAILABLE
demo_connector,Akasa Air,BLR,HYD,2026-08-16,2026-08-23,7,5492,AVAILABLE
demo_connector,IndiGo,BLR,HYD,2026-08-16,2026-08-23,7,5373,AVAILABLE
demo_connector,IndiGo,BLR,HYD,2026-08-16,2026-08-31,15,5107,AVAILABLE
demo_connector,Akasa Air,BLR,HYD,2026-08-16,2026-08-31,15,5789,AVAILABLE
demo_connector,Air India,BLR,HYD,2026-08-16,2026-08-31,15,4855,AVAILABLE
demo_connector,Air India,BLR,HYD,2026-08-16,2026-09-15,30,4749,AVAILABLE
demo_connector,SpiceJet,BLR,HYD,2026-08-16,2026-09-15,30,4454,AVAILABLE
demo_connector,Akasa Air,BLR,HYD,2026-08-16,2026-09-15,30,4682,AVAILABLE
demo_connector,IndiGo,BLR,HYD,2026-08-16,2026-09-15,30,4174,AVAILABLE
demo_connector,IndiGo,BLR,HYD,2026-08-16,2026-09-30,45,3942,AVAILABLE
demo_connector,SpiceJet,BLR,HYD,2026-08-16,2026-09-30,45,3433,AVAILABLE
demo_connector,Akasa Air,BLR,HYD,2026-08-16,2026-09-30,45,3416,AVAILABLE
demo_connector,Air India,BLR,HYD,2026-08-16,2026-09-30,45,3863,AVAILABLE
demo_connector,Air India,MAA,DEL,2026-08-16,2026-08-17,1,11400,AVAILABLE
demo_connector,IndiGo,MAA,DEL,2026-08-16,2026-08-17,1,12166,AVAILABLE
demo_connector,SpiceJet,MAA,DEL,2026-08-16,2026-08-17,1,11861,AVAILABLE
demo_connector,Akasa Air,MAA,DEL,2026-08-16,2026-08-17,1,10246,AVAILABLE
demo_connector,Akasa Air,MAA,DEL,2026-08-16,2026-08-23,7,10647,AVAILABLE
demo_connector,Air India,MAA,DEL,2026-08-16,2026-08-23,7,10568,AVAILABLE
demo_connector,SpiceJet,MAA,DEL,2026-08-16,2026-08-23,7,11068,AVAILABLE
demo_connector,Akasa Air,MAA,DEL,2026-08-16,2026-08-31,15,10316,AVAILABLE
demo_connector,IndiGo,MAA,DEL,2026-08-16,2026-08-31,15,9209,AVAILABLE
demo_connector,Air India,MAA,DEL,2026-08-16,2026-09-15,30,8959,AVAILABLE
demo_connector,Akasa Air,MAA,DEL,2026-08-16,2026-09-15,30,8391,AVAILABLE
demo_connector,SpiceJet,MAA,DEL,2026-08-16,2026-09-15,30,7695,AVAILABLE
demo_connector,SpiceJet,MAA,DEL,2026-08-16,2026-09-30,45,7602,AVAILABLE
demo_connector,IndiGo,MAA,DEL,2026-08-16,2026-09-30,45,7017,AVAILABLE
demo_connector,IndiGo,DEL,BOM,2026-08-17,2026-08-18,1,8800,AVAILABLE
demo_connector,SpiceJet,DEL,BOM,2026-08-17,2026-08-18,1,9209,AVAILABLE
demo_connector,Air India,DEL,BOM,2026-08-17,2026-08-18,1,8203,AVAILABLE
demo_connector,Akasa Air,DEL,BOM,2026-08-17,2026-08-18,1,9174,AVAILABLE
demo_connector,IndiGo,DEL,BOM,2026-08-17,2026-08-24,7,7732,AVAILABLE
demo_connector,Air India,DEL,BOM,2026-08-17,2026-08-24,7,8836,AVAILABLE
demo_connector,SpiceJet,DEL,BOM,2026-08-17,2026-08-24,7,8305,AVAILABLE
demo_connector,Akasa Air,DEL,BOM,2026-08-17,2026-08-24,7,8538,AVAILABLE
demo_connector,IndiGo,DEL,BOM,2026-08-17,2026-09-01,15,8126,AVAILABLE
demo_connector,Akasa Air,DEL,BOM,2026-08-17,2026-09-01,15,7668,AVAILABLE
demo_connector,SpiceJet,DEL,BOM,2026-08-17,2026-09-16,30,6781,AVAILABLE
demo_connector,Akasa Air,DEL,BOM,2026-08-17,2026-09-16,30,6255,AVAILABLE
demo_connector,SpiceJet,DEL,BOM,2026-08-17,2026-10-01,45,5141,AVAILABLE
demo_connector,Akasa Air,DEL,BOM,2026-08-17,2026-10-01,45,5643,AVAILABLE
demo_connector,IndiGo,DEL,BOM,2026-08-17,2026-10-01,45,5369,AVAILABLE
demo_connector,Air India,DEL,BOM,2026-08-17,2026-10-01,45,5788,AVAILABLE
demo_connector,SpiceJet,DEL,BLR,2026-08-17,2026-08-18,1,10477,AVAILABLE
demo_connector,Akasa Air,DEL,BLR,2026-08-17,2026-08-18,1,10886,AVAILABLE
demo_connector,IndiGo,DEL,BLR,2026-08-17,2026-08-24,7,9744,AVAILABLE
demo_connector,SpiceJet,DEL,BLR,2026-08-17,2026-08-24,7,10269,AVAILABLE
demo_connector,Air India,DEL,BLR,2026-08-17,2026-08-24,7,10783,AVAILABLE
demo_connector,Akasa Air,DEL,BLR,2026-08-17,2026-08-24,7,9038,AVAILABLE
demo_connector,SpiceJet,DEL,BLR,2026-08-17,2026-09-01,15,9797,AVAILABLE
demo_connector,Air India,DEL,BLR,2026-08-17,2026-09-01,15,9106,AVAILABLE
demo_connector,IndiGo,DEL,BLR,2026-08-17,2026-09-01,15,8572,AVAILABLE
demo_connector,SpiceJet,DEL,BLR,2026-08-17,2026-09-16,30,7774,AVAILABLE
demo_connector,Air India,DEL,BLR,2026-08-17,2026-09-16,30,7433,AVAILABLE
demo_connector,IndiGo,DEL,BLR,2026-08-17,2026-10-01,45,6401,AVAILABLE
demo_connector,SpiceJet,DEL,BLR,2026-08-17,2026-10-01,45,7067,AVAILABLE
demo_connector,Air India,BOM,BLR,2026-08-17,2026-08-18,1,7307,AVAILABLE
demo_connector,SpiceJet,BOM,BLR,2026-08-17,2026-08-18,1,7300,AVAILABLE
demo_connector,Air India,BOM,BLR,2026-08-17,2026-08-24,7,6567,AVAILABLE
demo_connector,Akasa Air,BOM,BLR,2026-08-17,2026-08-24,7,7184,AVAILABLE
demo_connector,SpiceJet,BOM,BLR,2026-08-17,2026-09-01,15,5520,AVAILABLE
demo_connector,Air India,BOM,BLR,2026-08-17,2026-09-01,15,6694,AVAILABLE
demo_connector,Akasa Air,BOM,BLR,2026-08-17,2026-09-01,15,5911,AVAILABLE
demo_connector,Akasa Air,BOM,BLR,2026-08-17,2026-09-16,30,5591,AVAILABLE
demo_connector,Air India,BOM,BLR,2026-08-17,2026-09-16,30,5548,AVAILABLE
demo_connector,SpiceJet,BOM,BLR,2026-08-17,2026-09-16,30,5694,AVAILABLE
demo_connector,IndiGo,BOM,BLR,2026-08-17,2026-09-16,30,5609,AVAILABLE
demo_connector,Akasa Air,BOM,BLR,2026-08-17,2026-10-01,45,4308,AVAILABLE
demo_connector,SpiceJet,BOM,BLR,2026-08-17,2026-10-01,45,4353,AVAILABLE
demo_connector,IndiGo,BOM,BLR,2026-08-17,2026-10-01,45,4081,AVAILABLE
demo_connector,IndiGo,DEL,CCU,2026-08-17,2026-08-18,1,10425,AVAILABLE
demo_connector,SpiceJet,DEL,CCU,2026-08-17,2026-08-18,1,9760,AVAILABLE
demo_connector,Air India,DEL,CCU,2026-08-17,2026-08-24,7,8550,AVAILABLE
demo_connector,SpiceJet,DEL,CCU,2026-08-17,2026-08-24,7,9401,AVAILABLE
demo_connector,IndiGo,DEL,CCU,2026-08-17,2026-08-24,7,9444,AVAILABLE
demo_connector,Akasa Air,DEL,CCU,2026-08-17,2026-08-24,7,9888,AVAILABLE
demo_connector,Air India,DEL,CCU,2026-08-17,2026-09-01,15,8559,AVAILABLE
demo_connector,SpiceJet,DEL,CCU,2026-08-17,2026-09-01,15,8072,AVAILABLE
demo_connector,Akasa Air,DEL,CCU,2026-08-17,2026-09-01,15,8250,AVAILABLE
demo_connector,IndiGo,DEL,CCU,2026-08-17,2026-09-16,30,7670,AVAILABLE
demo_connector,Air India,DEL,CCU,2026-08-17,2026-09-16,30,7067,AVAILABLE
demo_connector,Akasa Air,DEL,CCU,2026-08-17,2026-09-16,30,6485,AVAILABLE
demo_connector,SpiceJet,DEL,CCU,2026-08-17,2026-09-16,30,7028,AVAILABLE
demo_connector,IndiGo,DEL,CCU,2026-08-17,2026-10-01,45,6245,AVAILABLE
demo_connector,SpiceJet,DEL,CCU,2026-08-17,2026-10-01,45,5454,AVAILABLE
demo_connector,Akasa Air,DEL,CCU,2026-08-17,2026-10-01,45,5881,AVAILABLE
demo_connector,Air India,DEL,CCU,2026-08-17,2026-10-01,45,5996,AVAILABLE
demo_connector,Air India,BLR,HYD,2026-08-17,2026-08-18,1,5600,AVAILABLE
demo_connector,Akasa Air,BLR,HYD,2026-08-17,2026-08-18,1,6090,AVAILABLE
demo_connector,SpiceJet,BLR,HYD,2026-08-17,2026-08-18,1,6094,AVAILABLE
demo_connector,SpiceJet,BLR,HYD,2026-08-17,2026-08-24,7,5369,AVAILABLE
demo_connector,IndiGo,BLR,HYD,2026-08-17,2026-08-24,7,5350,AVAILABLE
demo_connector,Akasa Air,BLR,HYD,2026-08-17,2026-08-24,7,5361,AVAILABLE
demo_connector,Air India,BLR,HYD,2026-08-17,2026-08-24,7,5996,AVAILABLE
demo_connector,Air India,BLR,HYD,2026-08-17,2026-09-01,15,5129,AVAILABLE
demo_connector,IndiGo,BLR,HYD,2026-08-17,2026-09-01,15,5525,AVAILABLE
demo_connector,SpiceJet,BLR,HYD,2026-08-17,2026-09-16,30,4982,AVAILABLE
demo_connector,Air India,BLR,HYD,2026-08-17,2026-09-16,30,4907,AVAILABLE
demo_connector,IndiGo,BLR,HYD,2026-08-17,2026-09-16,30,4917,AVAILABLE
demo_connector,Akasa Air,BLR,HYD,2026-08-17,2026-10-01,45,3559,AVAILABLE
demo_connector,IndiGo,BLR,HYD,2026-08-17,2026-10-01,45,3585,AVAILABLE
demo_connector,Air India,BLR,HYD,2026-08-17,2026-10-01,45,4114,AVAILABLE
demo_connector,Air India,MAA,DEL,2026-08-17,2026-08-18,1,10998,AVAILABLE
demo_connector,Akasa Air,MAA,DEL,2026-08-17,2026-08-18,1,10404,AVAILABLE
demo_connector,IndiGo,MAA,DEL,2026-08-17,2026-08-18,1,11421,AVAILABLE
demo_connector,SpiceJet,MAA,DEL,2026-08-17,2026-08-24,7,9685,AVAILABLE
demo_connector,IndiGo,MAA,DEL,2026-08-17,2026-08-24,7,10704,AVAILABLE
demo_connector,Akasa Air,MAA,DEL,2026-08-17,2026-08-24,7,10975,AVAILABLE
demo_connector,SpiceJet,MAA,DEL,2026-08-17,2026-09-01,15,9415,AVAILABLE
demo_connector,IndiGo,MAA,DEL,2026-08-17,2026-09-01,15,10440,AVAILABLE
demo_connector,Air India,MAA,DEL,2026-08-17,2026-09-01,15,9217,AVAILABLE
demo_connector,Akasa Air,MAA,DEL,2026-08-17,2026-09-01,15,10049,AVAILABLE
demo_connector,Air India,MAA,DEL,2026-08-17,2026-09-16,30,8490,AVAILABLE
demo_connector,Akasa Air,MAA,DEL,2026-08-17,2026-09-16,30,8556,AVAILABLE
demo_connector,IndiGo,MAA,DEL,2026-08-17,2026-10-01,45,7547,AVAILABLE
demo_connector,Akasa Air,MAA,DEL,2026-08-17,2026-10-01,45,6414,AVAILABLE
demo_connector,Akasa Air,DEL,BOM,2026-08-18,2026-08-19,1,9024,AVAILABLE
demo_connector,SpiceJet,DEL,BOM,2026-08-18,2026-08-19,1,9065,AVAILABLE
demo_connector,IndiGo,DEL,BOM,2026-08-18,2026-08-19,1,9524,AVAILABLE
demo_connector,Air India,DEL,BOM,2026-08-18,2026-08-19,1,9096,AVAILABLE
demo_connector,Air India,DEL,BOM,2026-08-18,2026-08-25,7,7754,AVAILABLE
demo_connector,SpiceJet,DEL,BOM,2026-08-18,2026-08-25,7,8424,AVAILABLE
demo_connector,Akasa Air,DEL,BOM,2026-08-18,2026-08-25,7,8238,AVAILABLE
demo_connector,IndiGo,DEL,BOM,2026-08-18,2026-08-25,7,8046,AVAILABLE
demo_connector,Air India,DEL,BOM,2026-08-18,2026-09-02,15,7120,AVAILABLE
demo_connector,IndiGo,DEL,BOM,2026-08-18,2026-09-02,15,8046,AVAILABLE
demo_connector,Akasa Air,DEL,BOM,2026-08-18,2026-09-02,15,7186,AVAILABLE
demo_connector,SpiceJet,DEL,BOM,2026-08-18,2026-09-17,30,6113,AVAILABLE
demo_connector,Air India,DEL,BOM,2026-08-18,2026-09-17,30,6406,AVAILABLE
demo_connector,SpiceJet,DEL,BOM,2026-08-18,2026-10-02,45,4927,AVAILABLE
demo_connector,Air India,DEL,BOM,2026-08-18,2026-10-02,45,5001,AVAILABLE
demo_connector,Akasa Air,DEL,BOM,2026-08-18,2026-10-02,45,5154,AVAILABLE
demo_connector,IndiGo,DEL,BOM,2026-08-18,2026-10-02,45,5445,AVAILABLE
demo_connector,IndiGo,DEL,BLR,2026-08-18,2026-08-19,1,9786,AVAILABLE
demo_connector,SpiceJet,DEL,BLR,2026-08-18,2026-08-19,1,10753,AVAILABLE
demo_connector,SpiceJet,DEL,BLR,2026-08-18,2026-08-25,7,10385,AVAILABLE
demo_connector,IndiGo,DEL,BLR,2026-08-18,2026-08-25,7,10382,AVAILABLE
demo_connector,Akasa Air,DEL,BLR,2026-08-18,2026-08-25,7,8992,AVAILABLE
demo_connector,Air India,DEL,BLR,2026-08-18,2026-08-25,7,10144,AVAILABLE
demo_connector,Akasa Air,DEL,BLR,2026-08-18,2026-09-02,15,9004,AVAILABLE
demo_connector,IndiGo,DEL,BLR,2026-08-18,2026-09-02,15,9687,AVAILABLE
demo_connector,Air India,DEL,BLR,2026-08-18,2026-09-02,15,9875,AVAILABLE
demo_connector,Air India,DEL,BLR,2026-08-18,2026-09-17,30,7107,AVAILABLE
demo_connector,Akasa Air,DEL,BLR,2026-08-18,2026-09-17,30,7075,AVAILABLE
demo_connector,IndiGo,DEL,BLR,2026-08-18,2026-09-17,30,7451,AVAILABLE
demo_connector,Akasa Air,DEL,BLR,2026-08-18,2026-10-02,45,6331,AVAILABLE
demo_connector,IndiGo,DEL,BLR,2026-08-18,2026-10-02,45,6873,AVAILABLE
demo_connector,SpiceJet,DEL,BLR,2026-08-18,2026-10-02,45,7027,AVAILABLE
demo_connector,Air India,DEL,BLR,2026-08-18,2026-10-02,45,6174,AVAILABLE
demo_connector,Air India,BOM,BLR,2026-08-18,2026-08-19,1,6278,AVAILABLE
demo_connector,IndiGo,BOM,BLR,2026-08-18,2026-08-19,1,7502,AVAILABLE
demo_connector,Akasa Air,BOM,BLR,2026-08-18,2026-08-19,1,7532,AVAILABLE
demo_connector,Air India,BOM,BLR,2026-08-18,2026-08-25,7,6175,AVAILABLE
demo_connector,SpiceJet,BOM,BLR,2026-08-18,2026-08-25,7,7057,AVAILABLE
demo_connector,Akasa Air,BOM,BLR,2026-08-18,2026-08-25,7,7058,AVAILABLE
demo_connector,IndiGo,BOM,BLR,2026-08-18,2026-09-02,15,6400,AVAILABLE
demo_connector,Air India,BOM,BLR,2026-08-18,2026-09-02,15,6567,AVAILABLE
demo_connector,IndiGo,BOM,BLR,2026-08-18,2026-09-17,30,5140,AVAILABLE
demo_connector,Akasa Air,BOM,BLR,2026-08-18,2026-09-17,30,5247,AVAILABLE
demo_connector,SpiceJet,BOM,BLR,2026-08-18,2026-09-17,30,5586,AVAILABLE
demo_connector,Air India,BOM,BLR,2026-08-18,2026-09-17,30,5004,AVAILABLE
demo_connector,SpiceJet,BOM,BLR,2026-08-18,2026-10-02,45,4613,AVAILABLE
demo_connector,Air India,BOM,BLR,2026-08-18,2026-10-02,45,3887,AVAILABLE
demo_connector,Akasa Air,BOM,BLR,2026-08-18,2026-10-02,45,3996,AVAILABLE
demo_connector,Air India,DEL,CCU,2026-08-18,2026-08-19,1,9881,AVAILABLE
demo_connector,IndiGo,DEL,CCU,2026-08-18,2026-08-19,1,9289,AVAILABLE
demo_connector,SpiceJet,DEL,CCU,2026-08-18,2026-08-19,1,9212,AVAILABLE
demo_connector,Akasa Air,DEL,CCU,2026-08-18,2026-08-19,1,10285,AVAILABLE
demo_connector,Air India,DEL,CCU,2026-08-18,2026-08-25,7,8785,AVAILABLE
demo_connector,IndiGo,DEL,CCU,2026-08-18,2026-08-25,7,8599,AVAILABLE
demo_connector,Akasa Air,DEL,CCU,2026-08-18,2026-08-25,7,9197,AVAILABLE
demo_connector,IndiGo,DEL,CCU,2026-08-18,2026-09-02,15,8365,AVAILABLE
demo_connector,SpiceJet,DEL,CCU,2026-08-18,2026-09-02,15,8327,AVAILABLE
demo_connector,Air India,DEL,CCU,2026-08-18,2026-09-17,30,6472,AVAILABLE
demo_connector,SpiceJet,DEL,CCU,2026-08-18,2026-09-17,30,7388,AVAILABLE
demo_connector,SpiceJet,DEL,CCU,2026-08-18,2026-10-02,45,6209,AVAILABLE
demo_connector,IndiGo,DEL,CCU,2026-08-18,2026-10-02,45,6296,AVAILABLE
demo_connector,Akasa Air,BLR,HYD,2026-08-18,2026-08-19,1,6484,AVAILABLE
demo_connector,IndiGo,BLR,HYD,2026-08-18,2026-08-19,1,6632,AVAILABLE
demo_connector,Air India,BLR,HYD,2026-08-18,2026-08-19,1,6649,AVAILABLE
demo_connector,Akasa Air,BLR,HYD,2026-08-18,2026-08-25,7,5362,AVAILABLE
demo_connector,IndiGo,BLR,HYD,2026-08-18,2026-08-25,7,6215,AVAILABLE
demo_connector,SpiceJet,BLR,HYD,2026-08-18,2026-08-25,7,5587,AVAILABLE
demo_connector,Air India,BLR,HYD,2026-08-18,2026-08-25,7,5664,AVAILABLE
demo_connector,Akasa Air,BLR,HYD,2026-08-18,2026-09-02,15,5633,AVAILABLE
demo_connector,SpiceJet,BLR,HYD,2026-08-18,2026-09-02,15,4859,AVAILABLE
demo_connector,IndiGo,BLR,HYD,2026-08-18,2026-09-02,15,5231,AVAILABLE
demo_connector,Air India,BLR,HYD,2026-08-18,2026-09-02,15,4910,AVAILABLE
demo_connector,SpiceJet,BLR,HYD,2026-08-18,2026-09-17,30,4759,AVAILABLE
demo_connector,IndiGo,BLR,HYD,2026-08-18,2026-09-17,30,4649,AVAILABLE
demo_connector,Air India,BLR,HYD,2026-08-18,2026-09-17,30,4769,AVAILABLE
demo_connector,IndiGo,BLR,HYD,2026-08-18,2026-10-02,45,3601,AVAILABLE
demo_connector,Air India,BLR,HYD,2026-08-18,2026-10-02,45,3667,AVAILABLE
demo_connector,SpiceJet,BLR,HYD,2026-08-18,2026-10-02,45,3959,AVAILABLE
demo_connector,Air India,MAA,DEL,2026-08-18,2026-08-19,1,12189,AVAILABLE
demo_connector,SpiceJet,MAA,DEL,2026-08-18,2026-08-19,1,11809,AVAILABLE
demo_connector,IndiGo,MAA,DEL,2026-08-18,2026-08-19,1,12316,AVAILABLE
demo_connector,Akasa Air,MAA,DEL,2026-08-18,2026-08-19,1,11106,AVAILABLE
demo_connector,Akasa Air,MAA,DEL,2026-08-18,2026-08-25,7,11362,AVAILABLE
demo_connector,IndiGo,MAA,DEL,2026-08-18,2026-08-25,7,11224,AVAILABLE
demo_connector,Air India,MAA,DEL,2026-08-18,2026-08-25,7,10936,AVAILABLE
demo_connector,SpiceJet,MAA,DEL,2026-08-18,2026-08-25,7,10400,AVAILABLE
demo_connector,SpiceJet,MAA,DEL,2026-08-18,2026-09-02,15,10407,AVAILABLE
demo_connector,IndiGo,MAA,DEL,2026-08-18,2026-09-02,15,10216,AVAILABLE
demo_connector,Akasa Air,MAA,DEL,2026-08-18,2026-09-02,15,10848,AVAILABLE
demo_connector,Air India,MAA,DEL,2026-08-18,2026-09-02,15,10282,AVAILABLE
demo_connector,Akasa Air,MAA,DEL,2026-08-18,2026-09-17,30,8154,AVAILABLE
demo_connector,SpiceJet,MAA,DEL,2026-08-18,2026-09-17,30,7615,AVAILABLE
demo_connector,IndiGo,MAA,DEL,2026-08-18,2026-09-17,30,9036,AVAILABLE
demo_connector,Air India,MAA,DEL,2026-08-18,2026-09-17,30,7659,AVAILABLE
demo_connector,SpiceJet,MAA,DEL,2026-08-18,2026-10-02,45,6727,AVAILABLE
demo_connector,Air India,MAA,DEL,2026-08-18,2026-10-02,45,7188,AVAILABLE
demo_connector,Akasa Air,MAA,DEL,2026-08-18,2026-10-02,45,6979,AVAILABLE
demo_connector,IndiGo,MAA,DEL,2026-08-18,2026-10-02,45,7134,AVAILABLE
demo_connector,Akasa Air,DEL,BOM,2026-08-19,2026-08-20,1,8219,AVAILABLE
demo_connector,SpiceJet,DEL,BOM,2026-08-19,2026-08-20,1,8181,AVAILABLE
demo_connector,IndiGo,DEL,BOM,2026-08-19,2026-08-20,1,8228,AVAILABLE
demo_connector,Air India,DEL,BOM,2026-08-19,2026-08-20,1,9263,AVAILABLE
demo_connector,Akasa Air,DEL,BOM,2026-08-19,2026-08-26,7,7463,AVAILABLE
demo_connector,IndiGo,DEL,BOM,2026-08-19,2026-08-26,7,7499,AVAILABLE
demo_connector,Air India,DEL,BOM,2026-08-19,2026-08-26,7,7611,AVAILABLE
demo_connector,SpiceJet,DEL,BOM,2026-08-19,2026-08-26,7,7504,AVAILABLE
demo_connector,Air India,DEL,BOM,2026-08-19,2026-09-03,15,8261,AVAILABLE
demo_connector,Akasa Air,DEL,BOM,2026-08-19,2026-09-03,15,7715,AVAILABLE
demo_connector,Air India,DEL,BOM,2026-08-19,2026-09-18,30,6714,AVAILABLE
demo_connector,Akasa Air,DEL,BOM,2026-08-19,2026-09-18,30,7144,AVAILABLE
demo_connector,SpiceJet,DEL,BOM,2026-08-19,2026-09-18,30,6642,AVAILABLE
demo_connector,SpiceJet,DEL,BOM,2026-08-19,2026-10-03,45,5758,AVAILABLE
demo_connector,IndiGo,DEL,BOM,2026-08-19,2026-10-03,45,4875,AVAILABLE
demo_connector,Air India,DEL,BOM,2026-08-19,2026-10-03,45,4847,AVAILABLE
demo_connector,Air India,DEL,BLR,2026-08-19,2026-08-20,1,10992,AVAILABLE
demo_connector,SpiceJet,DEL,BLR,2026-08-19,2026-08-20,1,11069,AVAILABLE
demo_connector,Akasa Air,DEL,BLR,2026-08-19,2026-08-20,1,9530,AVAILABLE
demo_connector,Akasa Air,DEL,BLR,2026-08-19,2026-08-26,7,8978,AVAILABLE
demo_connector,SpiceJet,DEL,BLR,2026-08-19,2026-08-26,7,8939,AVAILABLE
demo_connector,IndiGo,DEL,BLR,2026-08-19,2026-08-26,7,9328,AVAILABLE
demo_connector,Air India,DEL,BLR,2026-08-19,2026-08-26,7,9151,AVAILABLE
demo_connector,Akasa Air,DEL,BLR,2026-08-19,2026-09-03,15,9106,AVAILABLE
demo_connector,SpiceJet,DEL,BLR,2026-08-19,2026-09-03,15,9978,AVAILABLE
demo_connector,Air India,DEL,BLR,2026-08-19,2026-09-03,15,9358,AVAILABLE
demo_connector,IndiGo,DEL,BLR,2026-08-19,2026-09-03,15,9742,AVAILABLE
demo_connector,SpiceJet,DEL,BLR,2026-08-19,2026-09-18,30,7104,AVAILABLE
demo_connector,Air India,DEL,BLR,2026-08-19,2026-09-18,30,7164,AVAILABLE
demo_connector,IndiGo,DEL,BLR,2026-08-19,2026-09-18,30,7663,AVAILABLE
demo_connector,Akasa Air,DEL,BLR,2026-08-19,2026-09-18,30,7248,AVAILABLE
demo_connector,Akasa Air,DEL,BLR,2026-08-19,2026-10-03,45,6214,AVAILABLE
demo_connector,Air India,DEL,BLR,2026-08-19,2026-10-03,45,6000,AVAILABLE
demo_connector,SpiceJet,DEL,BLR,2026-08-19,2026-10-03,45,6020,AVAILABLE
demo_connector,IndiGo,DEL,BLR,2026-08-19,2026-10-03,45,6941,AVAILABLE
demo_connector,Air India,BOM,BLR,2026-08-19,2026-08-20,1,7327,AVAILABLE
demo_connector,Akasa Air,BOM,BLR,2026-08-19,2026-08-20,1,6552,AVAILABLE
demo_connector,IndiGo,BOM,BLR,2026-08-19,2026-08-20,1,6725,AVAILABLE
demo_connector,SpiceJet,BOM,BLR,2026-08-19,2026-08-20,1,7383,AVAILABLE
demo_connector,Akasa Air,BOM,BLR,2026-08-19,2026-08-26,7,6519,AVAILABLE
demo_connector,SpiceJet,BOM,BLR,2026-08-19,2026-08-26,7,5951,AVAILABLE
demo_connector,IndiGo,BOM,BLR,2026-08-19,2026-08-26,7,7194,AVAILABLE
demo_connector,IndiGo,BOM,BLR,2026-08-19,2026-09-03,15,6123,AVAILABLE
demo_connector,SpiceJet,BOM,BLR,2026-08-19,2026-09-03,15,6586,AVAILABLE
demo_connector,Akasa Air,BOM,BLR,2026-08-19,2026-09-03,15,5775,AVAILABLE
demo_connector,Air India,BOM,BLR,2026-08-19,2026-09-03,15,5790,AVAILABLE
demo_connector,IndiGo,BOM,BLR,2026-08-19,2026-09-18,30,5452,AVAILABLE
demo_connector,Air India,BOM,BLR,2026-08-19,2026-09-18,30,5172,AVAILABLE
demo_connector,SpiceJet,BOM,BLR,2026-08-19,2026-09-18,30,4984,AVAILABLE
demo_connector,Akasa Air,BOM,BLR,2026-08-19,2026-09-18,30,5383,AVAILABLE
demo_connector,Air India,BOM,BLR,2026-08-19,2026-10-03,45,4719,AVAILABLE
demo_connector,IndiGo,BOM,BLR,2026-08-19,2026-10-03,45,4333,AVAILABLE
demo_connector,Akasa Air,DEL,CCU,2026-08-19,2026-08-20,1,9623,AVAILABLE
demo_connector,SpiceJet,DEL,CCU,2026-08-19,2026-08-20,1,9440,AVAILABLE
demo_connector,Air India,DEL,CCU,2026-08-19,2026-08-20,1,9666,AVAILABLE
demo_connector,IndiGo,DEL,CCU,2026-08-19,2026-08-26,7,8982,AVAILABLE
demo_connector,Air India,DEL,CCU,2026-08-19,2026-08-26,7,8819,AVAILABLE
demo_connector,Akasa Air,DEL,CCU,2026-08-19,2026-08-26,7,9169,AVAILABLE
demo_connector,SpiceJet,DEL,CCU,2026-08-19,2026-08-26,7,9022,AVAILABLE
demo_connector,SpiceJet,DEL,CCU,2026-08-19,2026-09-03,15,8067,AVAILABLE
demo_connector,Air India,DEL,CCU,2026-08-19,2026-09-03,15,8180,AVAILABLE
demo_connector,Akasa Air,DEL,CCU,2026-08-19,2026-09-03,15,7863,AVAILABLE
demo_connector,IndiGo,DEL,CCU,2026-08-19,2026-09-03,15,8739,AVAILABLE
demo_connector,SpiceJet,DEL,CCU,2026-08-19,2026-09-18,30,7183,AVAILABLE
demo_connector,Air India,DEL,CCU,2026-08-19,2026-09-18,30,7309,AVAILABLE
demo_connector,Akasa Air,DEL,CCU,2026-08-19,2026-09-18,30,6634,AVAILABLE
demo_connector,SpiceJet,DEL,CCU,2026-08-19,2026-10-03,45,5463,AVAILABLE
demo_connector,Air India,DEL,CCU,2026-08-19,2026-10-03,45,5430,AVAILABLE
demo_connector,Air India,BLR,HYD,2026-08-19,2026-08-20,1,5684,AVAILABLE
demo_connector,Akasa Air,BLR,HYD,2026-08-19,2026-08-20,1,5924,AVAILABLE
demo_connector,SpiceJet,BLR,HYD,2026-08-19,2026-08-20,1,6171,AVAILABLE
demo_connector,IndiGo,BLR,HYD,2026-08-19,2026-08-20,1,6597,AVAILABLE
demo_connector,IndiGo,BLR,HYD,2026-08-19,2026-08-26,7,6107,AVAILABLE
demo_connector,Air India,BLR,HYD,2026-08-19,2026-08-26,7,5667,AVAILABLE
demo_connector,SpiceJet,BLR,HYD,2026-08-19,2026-09-03,15,4895,AVAILABLE
demo_connector,Akasa Air,BLR,HYD,2026-08-19,2026-09-03,15,5864,AVAILABLE
demo_connector,Air India,BLR,HYD,2026-08-19,2026-09-18,30,4564,AVAILABLE
demo_connector,IndiGo,BLR,HYD,2026-08-19,2026-09-18,30,4450,AVAILABLE
demo_connector,SpiceJet,BLR,HYD,2026-08-19,2026-09-18,30,4925,AVAILABLE
demo_connector,Akasa Air,BLR,HYD,2026-08-19,2026-10-03,45,3585,AVAILABLE
demo_connector,SpiceJet,BLR,HYD,2026-08-19,2026-10-03,45,3640,AVAILABLE
demo_connector,Air India,BLR,HYD,2026-08-19,2026-10-03,45,3567,AVAILABLE
demo_connector,Air India,MAA,DEL,2026-08-19,2026-08-20,1,10745,AVAILABLE
demo_connector,SpiceJet,MAA,DEL,2026-08-19,2026-08-20,1,11685,AVAILABLE
demo_connector,Air India,MAA,DEL,2026-08-19,2026-08-26,7,10718,AVAILABLE
demo_connector,Akasa Air,MAA,DEL,2026-08-19,2026-08-26,7,11562,AVAILABLE
demo_connector,IndiGo,MAA,DEL,2026-08-19,2026-08-26,7,11351,AVAILABLE
demo_connector,Air India,MAA,DEL,2026-08-19,2026-09-03,15,9960,AVAILABLE
demo_connector,IndiGo,MAA,DEL,2026-08-19,2026-09-03,15,10700,AVAILABLE
demo_connector,SpiceJet,MAA,DEL,2026-08-19,2026-09-03,15,9501,AVAILABLE
demo_connector,IndiGo,MAA,DEL,2026-08-19,2026-09-18,30,9089,AVAILABLE
demo_connector,Air India,MAA,DEL,2026-08-19,2026-09-18,30,7789,AVAILABLE
demo_connector,Akasa Air,MAA,DEL,2026-08-19,2026-09-18,30,9248,AVAILABLE
demo_connector,SpiceJet,MAA,DEL,2026-08-19,2026-09-18,30,9255,AVAILABLE
demo_connector,SpiceJet,MAA,DEL,2026-08-19,2026-10-03,45,6291,AVAILABLE
demo_connector,Akasa Air,MAA,DEL,2026-08-19,2026-10-03,45,7166,AVAILABLE
demo_connector,IndiGo,MAA,DEL,2026-08-19,2026-10-03,45,7503,AVAILABLE
demo_connector,Air India,DEL,BOM,2026-08-20,2026-08-21,1,8445,AVAILABLE
demo_connector,Akasa Air,DEL,BOM,2026-08-20,2026-08-21,1,9472,AVAILABLE
demo_connector,IndiGo,DEL,BOM,2026-08-20,2026-08-21,1,9016,AVAILABLE
demo_connector,SpiceJet,DEL,BOM,2026-08-20,2026-08-27,7,7899,AVAILABLE
demo_connector,Air India,DEL,BOM,2026-08-20,2026-08-27,7,7900,AVAILABLE
demo_connector,SpiceJet,DEL,BOM,2026-08-20,2026-09-04,15,7485,AVAILABLE
demo_connector,Akasa Air,DEL,BOM,2026-08-20,2026-09-04,15,8122,AVAILABLE
demo_connector,Akasa Air,DEL,BOM,2026-08-20,2026-09-19,30,6384,AVAILABLE
demo_connector,Air India,DEL,BOM,2026-08-20,2026-09-19,30,6376,AVAILABLE
demo_connector,Air India,DEL,BOM,2026-08-20,2026-10-04,45,5654,AVAILABLE
demo_connector,Akasa Air,DEL,BOM,2026-08-20,2026-10-04,45,5418,AVAILABLE
demo_connector,SpiceJet,DEL,BOM,2026-08-20,2026-10-04,45,5401,AVAILABLE
demo_connector,SpiceJet,DEL,BLR,2026-08-20,2026-08-21,1,9567,AVAILABLE
demo_connector,Air India,DEL,BLR,2026-08-20,2026-08-21,1,9909,AVAILABLE
demo_connector,Akasa Air,DEL,BLR,2026-08-20,2026-08-21,1,11371,AVAILABLE
demo_connector,IndiGo,DEL,BLR,2026-08-20,2026-08-21,1,10193,AVAILABLE
demo_connector,SpiceJet,DEL,BLR,2026-08-20,2026-08-27,7,10507,AVAILABLE
demo_connector,IndiGo,DEL,BLR,2026-08-20,2026-08-27,7,10032,AVAILABLE
demo_connector,Akasa Air,DEL,BLR,2026-08-20,2026-08-27,7,10604,AVAILABLE
demo_connector,Akasa Air,DEL,BLR,2026-08-20,2026-09-04,15,8691,AVAILABLE
demo_connector,SpiceJet,DEL,BLR,2026-08-20,2026-09-04,15,8269,AVAILABLE
demo_connector,IndiGo,DEL,BLR,2026-08-20,2026-09-04,15,9092,AVAILABLE
demo_connector,Air India,DEL,BLR,2026-08-20,2026-09-04,15,9312,AVAILABLE
demo_connector,Air India,DEL,BLR,2026-08-20,2026-09-19,30,8287,AVAILABLE
demo_connector,IndiGo,DEL,BLR,2026-08-20,2026-09-19,30,7684,AVAILABLE
demo_connector,Akasa Air,DEL,BLR,2026-08-20,2026-10-04,45,6697,AVAILABLE
demo_connector,IndiGo,DEL,BLR,2026-08-20,2026-10-04,45,6999,AVAILABLE
demo_connector,Akasa Air,BOM,BLR,2026-08-20,2026-08-21,1,7124,AVAILABLE
demo_connector,IndiGo,BOM,BLR,2026-08-20,2026-08-21,1,7248,AVAILABLE
demo_connector,Air India,BOM,BLR,2026-08-20,2026-08-21,1,7194,AVAILABLE
demo_connector,SpiceJet,BOM,BLR,2026-08-20,2026-08-21,1,7101,AVAILABLE
demo_connector,SpiceJet,BOM,BLR,2026-08-20,2026-08-27,7,6255,AVAILABLE
demo_connector,IndiGo,BOM,BLR,2026-08-20,2026-08-27,7,7194,AVAILABLE
demo_connector,Air India,BOM,BLR,2026-08-20,2026-09-04,15,6092,AVAILABLE
demo_connector,SpiceJet,BOM,BLR,2026-08-20,2026-09-04,15,5936,AVAILABLE
demo_connector,IndiGo,BOM,BLR,2026-08-20,2026-09-04,15,6189,AVAILABLE
demo_connector,SpiceJet,BOM,BLR,2026-08-20,2026-09-19,30,5360,AVAILABLE
demo_connector,IndiGo,BOM,BLR,2026-08-20,2026-09-19,30,5688,AVAILABLE
demo_connector,Akasa Air,BOM,BLR,2026-08-20,2026-09-19,30,4771,AVAILABLE
demo_connector,SpiceJet,BOM,BLR,2026-08-20,2026-10-04,45,4715,AVAILABLE
demo_connector,IndiGo,BOM,BLR,2026-08-20,2026-10-04,45,4506,AVAILABLE
demo_connector,Air India,BOM,BLR,2026-08-20,2026-10-04,45,4315,AVAILABLE
demo_connector,Akasa Air,BOM,BLR,2026-08-20,2026-10-04,45,3898,AVAILABLE
demo_connector,SpiceJet,DEL,CCU,2026-08-20,2026-08-21,1,9786,AVAILABLE
demo_connector,IndiGo,DEL,CCU,2026-08-20,2026-08-21,1,10365,AVAILABLE
demo_connector,SpiceJet,DEL,CCU,2026-08-20,2026-08-27,7,9735,AVAILABLE
demo_connector,Akasa Air,DEL,CCU,2026-08-20,2026-08-27,7,9790,AVAILABLE
demo_connector,SpiceJet,DEL,CCU,2026-08-20,2026-09-04,15,8520,AVAILABLE
demo_connector,IndiGo,DEL,CCU,2026-08-20,2026-09-04,15,8418,AVAILABLE
demo_connector,Air India,DEL,CCU,2026-08-20,2026-09-04,15,7789,AVAILABLE
demo_connector,Akasa Air,DEL,CCU,2026-08-20,2026-09-04,15,8332,AVAILABLE
demo_connector,IndiGo,DEL,CCU,2026-08-20,2026-09-19,30,7133,AVAILABLE
demo_connector,Akasa Air,DEL,CCU,2026-08-20,2026-09-19,30,7540,AVAILABLE
demo_connector,Air India,DEL,CCU,2026-08-20,2026-09-19,30,6610,AVAILABLE
demo_connector,SpiceJet,DEL,CCU,2026-08-20,2026-10-04,45,5513,AVAILABLE
demo_connector,Akasa Air,DEL,CCU,2026-08-20,2026-10-04,45,6079,AVAILABLE
demo_connector,Air India,DEL,CCU,2026-08-20,2026-10-04,45,6124,AVAILABLE
demo_connector,IndiGo,DEL,CCU,2026-08-20,2026-10-04,45,6016,AVAILABLE
demo_connector,IndiGo,BLR,HYD,2026-08-20,2026-08-21,1,6116,AVAILABLE
demo_connector,SpiceJet,BLR,HYD,2026-08-20,2026-08-21,1,6297,AVAILABLE
demo_connector,Air India,BLR,HYD,2026-08-20,2026-08-21,1,5907,AVAILABLE
demo_connector,Akasa Air,BLR,HYD,2026-08-20,2026-08-21,1,5528,AVAILABLE
demo_connector,IndiGo,BLR,HYD,2026-08-20,2026-08-27,7,5373,AVAILABLE
demo_connector,Akasa Air,BLR,HYD,2026-08-20,2026-08-27,7,5866,AVAILABLE
demo_connector,SpiceJet,BLR,HYD,2026-08-20,2026-08-27,7,5824,AVAILABLE
demo_connector,Air India,BLR,HYD,2026-08-20,2026-08-27,7,6319,AVAILABLE
demo_connector,IndiGo,BLR,HYD,2026-08-20,2026-09-04,15,5376,AVAILABLE
demo_connector,Akasa Air,BLR,HYD,2026-08-20,2026-09-04,15,4808,AVAILABLE
demo_connector,Air India,BLR,HYD,2026-08-20,2026-09-04,15,4990,AVAILABLE
demo_connector,SpiceJet,BLR,HYD,2026-08-20,2026-09-04,15,4811,AVAILABLE
demo_connector,SpiceJet,BLR,HYD,2026-08-20,2026-09-19,30,4817,AVAILABLE
demo_connector,Akasa Air,BLR,HYD,2026-08-20,2026-09-19,30,4279,AVAILABLE
demo_connector,Air India,BLR,HYD,2026-08-20,2026-09-19,30,4799,AVAILABLE
demo_connector,SpiceJet,BLR,HYD,2026-08-20,2026-10-04,45,4000,AVAILABLE
demo_connector,Air India,BLR,HYD,2026-08-20,2026-10-04,45,3502,AVAILABLE
demo_connector,IndiGo,BLR,HYD,2026-08-20,2026-10-04,45,3967,AVAILABLE
demo_connector,Akasa Air,MAA,DEL,2026-08-20,2026-08-21,1,11661,AVAILABLE
demo_connector,IndiGo,MAA,DEL,2026-08-20,2026-08-21,1,11249,AVAILABLE
demo_connector,Air India,MAA,DEL,2026-08-20,2026-08-27,7,10553,AVAILABLE
demo_connector,SpiceJet,MAA,DEL,2026-08-20,2026-08-27,7,9817,AVAILABLE
demo_connector,Akasa Air,MAA,DEL,2026-08-20,2026-08-27,7,11591,AVAILABLE
demo_connector,IndiGo,MAA,DEL,2026-08-20,2026-09-04,15,10369,AVAILABLE
demo_connector,SpiceJet,MAA,DEL,2026-08-20,2026-09-04,15,10348,AVAILABLE
demo_connector,Air India,MAA,DEL,2026-08-20,2026-09-04,15,10325,AVAILABLE
demo_connector,Air India,MAA,DEL,2026-08-20,2026-09-19,30,7956,AVAILABLE
demo_connector,Akasa Air,MAA,DEL,2026-08-20,2026-09-19,30,8033,AVAILABLE
demo_connector,SpiceJet,MAA,DEL,2026-08-20,2026-09-19,30,8333,AVAILABLE
demo_connector,IndiGo,MAA,DEL,2026-08-20,2026-09-19,30,8096,AVAILABLE
demo_connector,Akasa Air,MAA,DEL,2026-08-20,2026-10-04,45,7382,AVAILABLE
demo_connector,Air India,MAA,DEL,2026-08-20,2026-10-04,45,7614,AVAILABLE
demo_connector,Akasa Air,DEL,BOM,2026-08-21,2026-08-22,1,9308,AVAILABLE
demo_connector,Air India,DEL,BOM,2026-08-21,2026-08-22,1,8949,AVAILABLE
demo_connector,SpiceJet,DEL,BOM,2026-08-21,2026-08-22,1,8592,AVAILABLE
demo_connector,IndiGo,DEL,BOM,2026-08-21,2026-08-22,1,8231,AVAILABLE
demo_connector,Air India,DEL,BOM,2026-08-21,2026-08-28,7,8452,AVAILABLE
demo_connector,Akasa Air,DEL,BOM,2026-08-21,2026-08-28,7,8641,AVAILABLE
demo_connector,IndiGo,DEL,BOM,2026-08-21,2026-09-05,15,7819,AVAILABLE
demo_connector,SpiceJet,DEL,BOM,2026-08-21,2026-09-05,15,7661,AVAILABLE
demo_connector,Akasa Air,DEL,BOM,2026-08-21,2026-09-20,30,6543,AVAILABLE
demo_connector,IndiGo,DEL,BOM,2026-08-21,2026-09-20,30,6718,AVAILABLE
demo_connector,Air India,DEL,BOM,2026-08-21,2026-09-20,30,6814,AVAILABLE
demo_connector,Akasa Air,DEL,BOM,2026-08-21,2026-10-05,45,5776,AVAILABLE
demo_connector,IndiGo,DEL,BOM,2026-08-21,2026-10-05,45,5159,AVAILABLE
demo_connector,Air India,DEL,BOM,2026-08-21,2026-10-05,45,5845,AVAILABLE
demo_connector,Akasa Air,DEL,BLR,2026-08-21,2026-08-22,1,9379,AVAILABLE
demo_connector,IndiGo,DEL,BLR,2026-08-21,2026-08-22,1,9794,AVAILABLE
demo_connector,Akasa Air,DEL,BLR,2026-08-21,2026-08-28,7,9116,AVAILABLE
demo_connector,Air India,DEL,BLR,2026-08-21,2026-08-28,7,9260,AVAILABLE
demo_connector,SpiceJet,DEL,BLR,2026-08-21,2026-08-28,7,9375,AVAILABLE
demo_connector,SpiceJet,DEL,BLR,2026-08-21,2026-09-05,15,9250,AVAILABLE
demo_connector,Akasa Air,DEL,BLR,2026-08-21,2026-09-05,15,9770,AVAILABLE
demo_connector,IndiGo,DEL,BLR,2026-08-21,2026-09-05,15,9507,AVAILABLE
demo_connector,Air India,DEL,BLR,2026-08-21,2026-09-20,30,8481,AVAILABLE
demo_connector,Akasa Air,DEL,BLR,2026-08-21,2026-09-20,30,8519,AVAILABLE
demo_connector,IndiGo,DEL,BLR,2026-08-21,2026-09-20,30,7950,AVAILABLE
demo_connector,IndiGo,DEL,BLR,2026-08-21,2026-10-05,45,6541,AVAILABLE
demo_connector,Air India,DEL,BLR,2026-08-21,2026-10-05,45,6061,AVAILABLE
demo_connector,SpiceJet,DEL,BLR,2026-08-21,2026-10-05,45,6807,AVAILABLE
demo_connector,Akasa Air,DEL,BLR,2026-08-21,2026-10-05,45,5809,AVAILABLE
demo_connector,SpiceJet,BOM,BLR,2026-08-21,2026-08-22,1,6449,AVAILABLE
demo_connector,Air India,BOM,BLR,2026-08-21,2026-08-22,1,6756,AVAILABLE
demo_connector,IndiGo,BOM,BLR,2026-08-21,2026-08-22,1,6396,AVAILABLE
demo_connector,IndiGo,BOM,BLR,2026-08-21,2026-08-28,7,6510,AVAILABLE
demo_connector,Akasa Air,BOM,BLR,2026-08-21,2026-08-28,7,7047,AVAILABLE
demo_connector,Air India,BOM,BLR,2026-08-21,2026-08-28,7,6630,AVAILABLE
demo_connector,IndiGo,BOM,BLR,2026-08-21,2026-09-05,15,5933,AVAILABLE
demo_connector,Akasa Air,BOM,BLR,2026-08-21,2026-09-05,15,6202,AVAILABLE
demo_connector,SpiceJet,BOM,BLR,2026-08-21,2026-09-05,15,6342,AVAILABLE
demo_connector,Air India,BOM,BLR,2026-08-21,2026-09-05,15,6356,AVAILABLE
demo_connector,SpiceJet,BOM,BLR,2026-08-21,2026-09-20,30,4941,AVAILABLE
demo_connector,IndiGo,BOM,BLR,2026-08-21,2026-09-20,30,4886,AVAILABLE
demo_connector,SpiceJet,BOM,BLR,2026-08-21,2026-10-05,45,3954,AVAILABLE
demo_connector,Air India,BOM,BLR,2026-08-21,2026-10-05,45,4016,AVAILABLE
demo_connector,IndiGo,BOM,BLR,2026-08-21,2026-10-05,45,4552,AVAILABLE
demo_connector,Akasa Air,DEL,CCU,2026-08-21,2026-08-22,1,9431,AVAILABLE
demo_connector,IndiGo,DEL,CCU,2026-08-21,2026-08-22,1,9388,AVAILABLE
demo_connector,SpiceJet,DEL,CCU,2026-08-21,2026-08-22,1,10076,AVAILABLE
demo_connector,Akasa Air,DEL,CCU,2026-08-21,2026-08-28,7,8278,AVAILABLE
demo_connector,IndiGo,DEL,CCU,2026-08-21,2026-08-28,7,9246,AVAILABLE
demo_connector,Air India,DEL,CCU,2026-08-21,2026-08-28,7,8550,AVAILABLE
demo_connector,SpiceJet,DEL,CCU,2026-08-21,2026-09-05,15,9102,AVAILABLE
demo_connector,Akasa Air,DEL,CCU,2026-08-21,2026-09-05,15,7736,AVAILABLE
demo_connector,IndiGo,DEL,CCU,2026-08-21,2026-09-05,15,7767,AVAILABLE
demo_connector,Akasa Air,DEL,CCU,2026-08-21,2026-09-20,30,7711,AVAILABLE
demo_connector,Air India,DEL,CCU,2026-08-21,2026-09-20,30,7192,AVAILABLE
demo_connector,IndiGo,DEL,CCU,2026-08-21,2026-09-20,30,7296,AVAILABLE
demo_connector,SpiceJet,DEL,CCU,2026-08-21,2026-09-20,30,6478,AVAILABLE
demo_connector,IndiGo,DEL,CCU,2026-08-21,2026-10-05,45,6427,AVAILABLE
demo_connector,Air India,DEL,CCU,2026-08-21,2026-10-05,45,5807,AVAILABLE
demo_connector,SpiceJet,DEL,CCU,2026-08-21,2026-10-05,45,5609,AVAILABLE
demo_connector,Air India,BLR,HYD,2026-08-21,2026-08-22,1,6259,AVAILABLE
demo_connector,IndiGo,BLR,HYD,2026-08-21,2026-08-22,1,6195,AVAILABLE
demo_connector,Akasa Air,BLR,HYD,2026-08-21,2026-08-22,1,5605,AVAILABLE
demo_connector,Air India,BLR,HYD,2026-08-21,2026-08-28,7,5449,AVAILABLE
demo_connector,SpiceJet,BLR,HYD,2026-08-21,2026-08-28,7,5415,AVAILABLE
demo_connector,Akasa Air,BLR,HYD,2026-08-21,2026-09-05,15,5208,AVAILABLE
demo_connector,SpiceJet,BLR,HYD,2026-08-21,2026-09-05,15,5149,AVAILABLE
demo_connector,IndiGo,BLR,HYD,2026-08-21,2026-09-05,15,5522,AVAILABLE
demo_connector,Air India,BLR,HYD,2026-08-21,2026-09-05,15,5443,AVAILABLE
demo_connector,SpiceJet,BLR,HYD,2026-08-21,2026-09-20,30,4487,AVAILABLE
demo_connector,IndiGo,BLR,HYD,2026-08-21,2026-09-20,30,4947,AVAILABLE
demo_connector,Akasa Air,BLR,HYD,2026-08-21,2026-09-20,30,4452,AVAILABLE
demo_connector,Air India,BLR,HYD,2026-08-21,2026-09-20,30,4350,AVAILABLE
demo_connector,IndiGo,BLR,HYD,2026-08-21,2026-10-05,45,4052,AVAILABLE
demo_connector,SpiceJet,BLR,HYD,2026-08-21,2026-10-05,45,3705,AVAILABLE
demo_connector,SpiceJet,MAA,DEL,2026-08-21,2026-08-22,1,10173,AVAILABLE
demo_connector,IndiGo,MAA,DEL,2026-08-21,2026-08-22,1,10424,AVAILABLE
demo_connector,Akasa Air,MAA,DEL,2026-08-21,2026-08-22,1,11924,AVAILABLE
demo_connector,Akasa Air,MAA,DEL,2026-08-21,2026-08-28,7,11414,AVAILABLE
demo_connector,IndiGo,MAA,DEL,2026-08-21,2026-08-28,7,9669,AVAILABLE
demo_connector,IndiGo,MAA,DEL,2026-08-21,2026-09-05,15,9320,AVAILABLE
demo_connector,Akasa Air,MAA,DEL,2026-08-21,2026-09-05,15,10775,AVAILABLE
demo_connector,SpiceJet,MAA,DEL,2026-08-21,2026-09-05,15,9181,AVAILABLE
demo_connector,SpiceJet,MAA,DEL,2026-08-21,2026-09-20,30,8031,AVAILABLE
demo_connector,Air India,MAA,DEL,2026-08-21,2026-09-20,30,9110,AVAILABLE
demo_connector,Akasa Air,MAA,DEL,2026-08-21,2026-09-20,30,9243,AVAILABLE
demo_connector,Air India,MAA,DEL,2026-08-21,2026-10-05,45,7607,AVAILABLE
demo_connector,IndiGo,MAA,DEL,2026-08-21,2026-10-05,45,7351,AVAILABLE
demo_connector,Akasa Air,MAA,DEL,2026-08-21,2026-10-05,45,7056,AVAILABLE
demo_connector,Air India,DEL,BOM,2026-08-22,2026-08-23,1,8290,AVAILABLE
demo_connector,IndiGo,DEL,BOM,2026-08-22,2026-08-23,1,7839,AVAILABLE
demo_connector,Akasa Air,DEL,BOM,2026-08-22,2026-08-23,1,8934,AVAILABLE
demo_connector,Air India,DEL,BOM,2026-08-22,2026-08-29,7,7557,AVAILABLE
demo_connector,Akasa Air,DEL,BOM,2026-08-22,2026-08-29,7,7824,AVAILABLE
demo_connector,SpiceJet,DEL,BOM,2026-08-22,2026-09-06,15,7205,AVAILABLE
demo_connector,Air India,DEL,BOM,2026-08-22,2026-09-06,15,7725,AVAILABLE
demo_connector,IndiGo,DEL,BOM,2026-08-22,2026-09-21,30,6189,AVAILABLE
demo_connector,Akasa Air,DEL,BOM,2026-08-22,2026-09-21,30,6618,AVAILABLE
demo_connector,SpiceJet,DEL,BOM,2026-08-22,2026-09-21,30,6444,AVAILABLE
demo_connector,Akasa Air,DEL,BOM,2026-08-22,2026-10-06,45,5070,AVAILABLE
demo_connector,Air India,DEL,BOM,2026-08-22,2026-10-06,45,5057,AVAILABLE
demo_connector,SpiceJet,DEL,BOM,2026-08-22,2026-10-06,45,5288,AVAILABLE
demo_connector,Akasa Air,DEL,BLR,2026-08-22,2026-08-23,1,10595,AVAILABLE
demo_connector,SpiceJet,DEL,BLR,2026-08-22,2026-08-23,1,11328,AVAILABLE
demo_connector,IndiGo,DEL,BLR,2026-08-22,2026-08-23,1,9439,AVAILABLE
demo_connector,Air India,DEL,BLR,2026-08-22,2026-08-29,7,9012,AVAILABLE
demo_connector,SpiceJet,DEL,BLR,2026-08-22,2026-08-29,7,10214,AVAILABLE
demo_connector,Akasa Air,DEL,BLR,2026-08-22,2026-08-29,7,10490,AVAILABLE
demo_connector,IndiGo,DEL,BLR,2026-08-22,2026-09-06,15,9031,AVAILABLE
demo_connector,SpiceJet,DEL,BLR,2026-08-22,2026-09-06,15,9200,AVAILABLE
demo_connector,Air India,DEL,BLR,2026-08-22,2026-09-06,15,9976,AVAILABLE
demo_connector,Akasa Air,DEL,BLR,2026-08-22,2026-09-06,15,8600,AVAILABLE
demo_connector,SpiceJet,DEL,BLR,2026-08-22,2026-09-21,30,7314,AVAILABLE
demo_connector,Air India,DEL,BLR,2026-08-22,2026-09-21,30,8558,AVAILABLE
demo_connector,IndiGo,DEL,BLR,2026-08-22,2026-09-21,30,7104,AVAILABLE
demo_connector,Akasa Air,DEL,BLR,2026-08-22,2026-10-06,45,6517,AVAILABLE
demo_connector,IndiGo,DEL,BLR,2026-08-22,2026-10-06,45,6278,AVAILABLE
demo_connector,IndiGo,BOM,BLR,2026-08-22,2026-08-23,1,6537,AVAILABLE
demo_connector,Air India,BOM,BLR,2026-08-22,2026-08-23,1,6705,AVAILABLE
demo_connector,Akasa Air,BOM,BLR,2026-08-22,2026-08-29,7,6957,AVAILABLE
demo_connector,SpiceJet,BOM,BLR,2026-08-22,2026-08-29,7,6104,AVAILABLE
demo_connector,Air India,BOM,BLR,2026-08-22,2026-08-29,7,6304,AVAILABLE
demo_connector,IndiGo,BOM,BLR,2026-08-22,2026-08-29,7,6636,AVAILABLE
demo_connector,SpiceJet,BOM,BLR,2026-08-22,2026-09-06,15,5509,AVAILABLE
demo_connector,Air India,BOM,BLR,2026-08-22,2026-09-06,15,6151,AVAILABLE
demo_connector,Akasa Air,BOM,BLR,2026-08-22,2026-09-06,15,6060,AVAILABLE
demo_connector,IndiGo,BOM,BLR,2026-08-22,2026-09-06,15,6138,AVAILABLE
demo_connector,Air India,BOM,BLR,2026-08-22,2026-09-21,30,5576,AVAILABLE
demo_connector,SpiceJet,BOM,BLR,2026-08-22,2026-09-21,30,5500,AVAILABLE
demo_connector,IndiGo,BOM,BLR,2026-08-22,2026-10-06,45,4524,AVAILABLE
demo_connector,Akasa Air,BOM,BLR,2026-08-22,2026-10-06,45,4100,AVAILABLE
demo_connector,Air India,BOM,BLR,2026-08-22,2026-10-06,45,4033,AVAILABLE
demo_connector,SpiceJet,DEL,CCU,2026-08-22,2026-08-23,1,10182,AVAILABLE
demo_connector,IndiGo,DEL,CCU,2026-08-22,2026-08-23,1,10174,AVAILABLE
demo_connector,Akasa Air,DEL,CCU,2026-08-22,2026-08-23,1,9585,AVAILABLE
demo_connector,SpiceJet,DEL,CCU,2026-08-22,2026-08-29,7,9045,AVAILABLE
demo_connector,Air India,DEL,CCU,2026-08-22,2026-08-29,7,8738,AVAILABLE
demo_connector,Akasa Air,DEL,CCU,2026-08-22,2026-08-29,7,8268,AVAILABLE
demo_connector,IndiGo,DEL,CCU,2026-08-22,2026-09-06,15,8730,AVAILABLE
demo_connector,SpiceJet,DEL,CCU,2026-08-22,2026-09-06,15,8464,AVAILABLE
demo_connector,IndiGo,DEL,CCU,2026-08-22,2026-09-21,30,7771,AVAILABLE
demo_connector,Air India,DEL,CCU,2026-08-22,2026-09-21,30,6665,AVAILABLE
demo_connector,Air India,DEL,CCU,2026-08-22,2026-10-06,45,5970,AVAILABLE
demo_connector,SpiceJet,DEL,CCU,2026-08-22,2026-10-06,45,5748,AVAILABLE
demo_connector,IndiGo,DEL,CCU,2026-08-22,2026-10-06,45,5793,AVAILABLE
demo_connector,Akasa Air,BLR,HYD,2026-08-22,2026-08-23,1,6409,AVAILABLE
demo_connector,IndiGo,BLR,HYD,2026-08-22,2026-08-23,1,6580,AVAILABLE
demo_connector,SpiceJet,BLR,HYD,2026-08-22,2026-08-23,1,5547,AVAILABLE
demo_connector,IndiGo,BLR,HYD,2026-08-22,2026-08-29,7,5846,AVAILABLE
demo_connector,SpiceJet,BLR,HYD,2026-08-22,2026-08-29,7,6140,AVAILABLE
demo_connector,IndiGo,BLR,HYD,2026-08-22,2026-09-06,15,4983,AVAILABLE
demo_connector,Akasa Air,BLR,HYD,2026-08-22,2026-09-06,15,5720,AVAILABLE
demo_connector,Air India,BLR,HYD,2026-08-22,2026-09-06,15,4844,AVAILABLE
demo_connector,SpiceJet,BLR,HYD,2026-08-22,2026-09-21,30,4330,AVAILABLE
demo_connector,IndiGo,BLR,HYD,2026-08-22,2026-09-21,30,4654,AVAILABLE
demo_connector,Akasa Air,BLR,HYD,2026-08-22,2026-09-21,30,4329,AVAILABLE
demo_connector,SpiceJet,BLR,HYD,2026-08-22,2026-10-06,45,4100,AVAILABLE
demo_connector,Akasa Air,BLR,HYD,2026-08-22,2026-10-06,45,4013,AVAILABLE
demo_connector,SpiceJet,MAA,DEL,2026-08-22,2026-08-23,1,11243,AVAILABLE
demo_connector,Air India,MAA,DEL,2026-08-22,2026-08-23,1,12192,AVAILABLE
demo_connector,IndiGo,MAA,DEL,2026-08-22,2026-08-23,1,11060,AVAILABLE
demo_connector,Akasa Air,MAA,DEL,2026-08-22,2026-08-29,7,11082,AVAILABLE
demo_connector,SpiceJet,MAA,DEL,2026-08-22,2026-08-29,7,10901,AVAILABLE
demo_connector,Air India,MAA,DEL,2026-08-22,2026-08-29,7,10138,AVAILABLE
demo_connector,IndiGo,MAA,DEL,2026-08-22,2026-08-29,7,11180,AVAILABLE
demo_connector,Air India,MAA,DEL,2026-08-22,2026-09-06,15,9383,AVAILABLE
demo_connector,IndiGo,MAA,DEL,2026-08-22,2026-09-06,15,10701,AVAILABLE
demo_connector,SpiceJet,MAA,DEL,2026-08-22,2026-09-06,15,10314,AVAILABLE
demo_connector,IndiGo,MAA,DEL,2026-08-22,2026-09-21,30,8617,AVAILABLE
demo_connector,SpiceJet,MAA,DEL,2026-08-22,2026-09-21,30,9285,AVAILABLE
demo_connector,Akasa Air,MAA,DEL,2026-08-22,2026-09-21,30,9257,AVAILABLE
demo_connector,Air India,MAA,DEL,2026-08-22,2026-09-21,30,8029,AVAILABLE
demo_connector,Air India,MAA,DEL,2026-08-22,2026-10-06,45,7555,AVAILABLE
demo_connector,Akasa Air,MAA,DEL,2026-08-22,2026-10-06,45,7354,AVAILABLE
demo_connector,IndiGo,DEL,BOM,2026-08-23,2026-08-24,1,7971,AVAILABLE
demo_connector,Akasa Air,DEL,BOM,2026-08-23,2026-08-24,1,9467,AVAILABLE
demo_connector,Air India,DEL,BOM,2026-08-23,2026-08-30,7,8178,AVAILABLE
demo_connector,Akasa Air,DEL,BOM,2026-08-23,2026-08-30,7,8413,AVAILABLE
demo_connector,IndiGo,DEL,BOM,2026-08-23,2026-08-30,7,8661,AVAILABLE
demo_connector,SpiceJet,DEL,BOM,2026-08-23,2026-09-07,15,7370,AVAILABLE
demo_connector,Air India,DEL,BOM,2026-08-23,2026-09-07,15,7997,AVAILABLE
demo_connector,IndiGo,DEL,BOM,2026-08-23,2026-09-07,15,8329,AVAILABLE
demo_connector,Air India,DEL,BOM,2026-08-23,2026-09-22,30,6861,AVAILABLE
demo_connector,SpiceJet,DEL,BOM,2026-08-23,2026-09-22,30,6178,AVAILABLE
demo_connector,IndiGo,DEL,BOM,2026-08-23,2026-09-22,30,6897,AVAILABLE
demo_connector,Akasa Air,DEL,BOM,2026-08-23,2026-09-22,30,6804,AVAILABLE
demo_connector,Akasa Air,DEL,BOM,2026-08-23,2026-10-07,45,5864,AVAILABLE
demo_connector,Air India,DEL,BOM,2026-08-23,2026-10-07,45,5757,AVAILABLE
demo_connector,Air India,DEL,BLR,2026-08-23,2026-08-24,1,10755,AVAILABLE
demo_connector,IndiGo,DEL,BLR,2026-08-23,2026-08-24,1,9738,AVAILABLE
demo_connector,SpiceJet,DEL,BLR,2026-08-23,2026-08-24,1,10888,AVAILABLE
demo_connector,Akasa Air,DEL,BLR,2026-08-23,2026-08-30,7,9725,AVAILABLE
demo_connector,Air India,DEL,BLR,2026-08-23,2026-08-30,7,10387,AVAILABLE
demo_connector,IndiGo,DEL,BLR,2026-08-23,2026-08-30,7,10297,AVAILABLE
demo_connector,SpiceJet,DEL,BLR,2026-08-23,2026-09-07,15,9216,AVAILABLE
demo_connector,Air India,DEL,BLR,2026-08-23,2026-09-07,15,9658,AVAILABLE
demo_connector,IndiGo,DEL,BLR,2026-08-23,2026-09-07,15,9885,AVAILABLE
demo_connector,Akasa Air,DEL,BLR,2026-08-23,2026-09-22,30,8132,AVAILABLE
demo_connector,Air India,DEL,BLR,2026-08-23,2026-09-22,30,7541,AVAILABLE
demo_connector,IndiGo,DEL,BLR,2026-08-23,2026-09-22,30,8237,AVAILABLE
demo_connector,SpiceJet,DEL,BLR,2026-08-23,2026-09-22,30,7405,AVAILABLE
demo_connector,Akasa Air,DEL,BLR,2026-08-23,2026-10-07,45,6636,AVAILABLE
demo_connector,SpiceJet,DEL,BLR,2026-08-23,2026-10-07,45,5864,AVAILABLE
demo_connector,IndiGo,DEL,BLR,2026-08-23,2026-10-07,45,6886,AVAILABLE
demo_connector,Air India,DEL,BLR,2026-08-23,2026-10-07,45,6846,AVAILABLE
demo_connector,Akasa Air,BOM,BLR,2026-08-23,2026-08-24,1,7174,AVAILABLE
demo_connector,Air India,BOM,BLR,2026-08-23,2026-08-24,1,7527,AVAILABLE
demo_connector,IndiGo,BOM,BLR,2026-08-23,2026-08-24,1,7274,AVAILABLE
demo_connector,IndiGo,BOM,BLR,2026-08-23,2026-08-30,7,6047,AVAILABLE
demo_connector,Akasa Air,BOM,BLR,2026-08-23,2026-08-30,7,6363,AVAILABLE
demo_connector,Air India,BOM,BLR,2026-08-23,2026-08-30,7,6749,AVAILABLE
demo_connector,SpiceJet,BOM,BLR,2026-08-23,2026-08-30,7,7114,AVAILABLE
demo_connector,Air India,BOM,BLR,2026-08-23,2026-09-07,15,6561,AVAILABLE
demo_connector,SpiceJet,BOM,BLR,2026-08-23,2026-09-07,15,5930,AVAILABLE
demo_connector,Akasa Air,BOM,BLR,2026-08-23,2026-09-07,15,6080,AVAILABLE
demo_connector,Air India,BOM,BLR,2026-08-23,2026-09-22,30,5308,AVAILABLE
demo_connector,SpiceJet,BOM,BLR,2026-08-23,2026-09-22,30,5093,AVAILABLE
demo_connector,Akasa Air,BOM,BLR,2026-08-23,2026-10-07,45,4140,AVAILABLE
demo_connector,SpiceJet,BOM,BLR,2026-08-23,2026-10-07,45,4704,AVAILABLE
demo_connector,SpiceJet,DEL,CCU,2026-08-23,2026-08-24,1,9323,AVAILABLE
demo_connector,Akasa Air,DEL,CCU,2026-08-23,2026-08-24,1,9587,AVAILABLE
demo_connector,Air India,DEL,CCU,2026-08-23,2026-08-24,1,10096,AVAILABLE
demo_connector,IndiGo,DEL,CCU,2026-08-23,2026-08-30,7,8273,AVAILABLE
demo_connector,SpiceJet,DEL,CCU,2026-08-23,2026-08-30,7,8904,AVAILABLE
demo_connector,Air India,DEL,CCU,2026-08-23,2026-08-30,7,9285,AVAILABLE
demo_connector,IndiGo,DEL,CCU,2026-08-23,2026-09-07,15,7631,AVAILABLE
demo_connector,Air India,DEL,CCU,2026-08-23,2026-09-07,15,8629,AVAILABLE
demo_connector,SpiceJet,DEL,CCU,2026-08-23,2026-09-07,15,7838,AVAILABLE
demo_connector,Air India,DEL,CCU,2026-08-23,2026-09-22,30,6626,AVAILABLE
demo_connector,IndiGo,DEL,CCU,2026-08-23,2026-09-22,30,7795,AVAILABLE
demo_connector,SpiceJet,DEL,CCU,2026-08-23,2026-10-07,45,6464,AVAILABLE
demo_connector,Air India,DEL,CCU,2026-08-23,2026-10-07,45,5954,AVAILABLE
demo_connector,IndiGo,DEL,CCU,2026-08-23,2026-10-07,45,5985,AVAILABLE
demo_connector,Akasa Air,DEL,CCU,2026-08-23,2026-10-07,45,6117,AVAILABLE
demo_connector,Air India,BLR,HYD,2026-08-23,2026-08-24,1,6205,AVAILABLE
demo_connector,Akasa Air,BLR,HYD,2026-08-23,2026-08-24,1,6103,AVAILABLE
demo_connector,Akasa Air,BLR,HYD,2026-08-23,2026-08-30,7,5833,AVAILABLE
demo_connector,IndiGo,BLR,HYD,2026-08-23,2026-08-30,7,6098,AVAILABLE
demo_connector,Air India,BLR,HYD,2026-08-23,2026-09-07,15,5433,AVAILABLE
demo_connector,IndiGo,BLR,HYD,2026-08-23,2026-09-07,15,5691,AVAILABLE
demo_connector,Air India,BLR,HYD,2026-08-23,2026-09-22,30,4857,AVAILABLE
demo_connector,SpiceJet,BLR,HYD,2026-08-23,2026-09-22,30,4140,AVAILABLE
demo_connector,IndiGo,BLR,HYD,2026-08-23,2026-09-22,30,4669,AVAILABLE
demo_connector,Akasa Air,BLR,HYD,2026-08-23,2026-09-22,30,4586,AVAILABLE
demo_connector,Air India,BLR,HYD,2026-08-23,2026-10-07,45,3430,AVAILABLE
demo_connector,SpiceJet,BLR,HYD,2026-08-23,2026-10-07,45,3494,AVAILABLE
demo_connector,Akasa Air,BLR,HYD,2026-08-23,2026-10-07,45,3821,AVAILABLE
demo_connector,IndiGo,MAA,DEL,2026-08-23,2026-08-24,1,10486,AVAILABLE
demo_connector,SpiceJet,MAA,DEL,2026-08-23,2026-08-24,1,10852,AVAILABLE
demo_connector,Akasa Air,MAA,DEL,2026-08-23,2026-08-24,1,10155,AVAILABLE
demo_connector,SpiceJet,MAA,DEL,2026-08-23,2026-08-30,7,10617,AVAILABLE
demo_connector,Air India,MAA,DEL,2026-08-23,2026-08-30,7,10387,AVAILABLE
demo_connector,IndiGo,MAA,DEL,2026-08-23,2026-08-30,7,10037,AVAILABLE
demo_connector,Akasa Air,MAA,DEL,2026-08-23,2026-08-30,7,9674,AVAILABLE
demo_connector,Akasa Air,MAA,DEL,2026-08-23,2026-09-07,15,9034,AVAILABLE
demo_connector,Air India,MAA,DEL,2026-08-23,2026-09-07,15,9429,AVAILABLE
demo_connector,SpiceJet,MAA,DEL,2026-08-23,2026-09-22,30,7694,AVAILABLE
demo_connector,IndiGo,MAA,DEL,2026-08-23,2026-09-22,30,8044,AVAILABLE
demo_connector,Air India,MAA,DEL,2026-08-23,2026-09-22,30,8942,AVAILABLE
demo_connector,Akasa Air,MAA,DEL,2026-08-23,2026-09-22,30,7856,AVAILABLE
demo_connector,Akasa Air,MAA,DEL,2026-08-23,2026-10-07,45,7505,AVAILABLE
demo_connector,Air India,MAA,DEL,2026-08-23,2026-10-07,45,7442,AVAILABLE
demo_connector,Air India,DEL,BOM,2026-08-24,2026-08-25,1,8596,AVAILABLE
demo_connector,IndiGo,DEL,BOM,2026-08-24,2026-08-25,1,8432,AVAILABLE
demo_connector,SpiceJet,DEL,BOM,2026-08-24,2026-08-25,1,9011,AVAILABLE
demo_connector,Akasa Air,DEL,BOM,2026-08-24,2026-08-31,7,8839,AVAILABLE
demo_connector,Air India,DEL,BOM,2026-08-24,2026-08-31,7,8344,AVAILABLE
demo_connector,IndiGo,DEL,BOM,2026-08-24,2026-08-31,7,8581,AVAILABLE
demo_connector,Akasa Air,DEL,BOM,2026-08-24,2026-09-08,15,6921,AVAILABLE
demo_connector,Air India,DEL,BOM,2026-08-24,2026-09-08,15,7884,AVAILABLE
demo_connector,IndiGo,DEL,BOM,2026-08-24,2026-09-08,15,7388,AVAILABLE
demo_connector,SpiceJet,DEL,BOM,2026-08-24,2026-09-23,30,6844,AVAILABLE
demo_connector,Akasa Air,DEL,BOM,2026-08-24,2026-09-23,30,6395,AVAILABLE
demo_connector,Air India,DEL,BOM,2026-08-24,2026-10-08,45,5068,AVAILABLE
demo_connector,SpiceJet,DEL,BOM,2026-08-24,2026-10-08,45,5436,AVAILABLE
demo_connector,IndiGo,DEL,BOM,2026-08-24,2026-10-08,45,5106,AVAILABLE
demo_connector,Akasa Air,DEL,BOM,2026-08-24,2026-10-08,45,5131,AVAILABLE
demo_connector,SpiceJet,DEL,BLR,2026-08-24,2026-08-25,1,11396,AVAILABLE
demo_connector,Akasa Air,DEL,BLR,2026-08-24,2026-08-25,1,9778,AVAILABLE
demo_connector,Air India,DEL,BLR,2026-08-24,2026-08-25,1,10669,AVAILABLE
demo_connector,SpiceJet,DEL,BLR,2026-08-24,2026-08-31,7,9366,AVAILABLE
demo_connector,Air India,DEL,BLR,2026-08-24,2026-08-31,7,10843,AVAILABLE
demo_connector,Akasa Air,DEL,BLR,2026-08-24,2026-08-31,7,8922,AVAILABLE
demo_connector,IndiGo,DEL,BLR,2026-08-24,2026-08-31,7,9280,AVAILABLE
demo_connector,Akasa Air,DEL,BLR,2026-08-24,2026-09-08,15,9402,AVAILABLE
demo_connector,SpiceJet,DEL,BLR,2026-08-24,2026-09-08,15,8969,AVAILABLE
demo_connector,Air India,DEL,BLR,2026-08-24,2026-09-08,15,9737,AVAILABLE
demo_connector,IndiGo,DEL,BLR,2026-08-24,2026-09-08,15,9981,AVAILABLE
demo_connector,Air India,DEL,BLR,2026-08-24,2026-09-23,30,7681,AVAILABLE
demo_connector,SpiceJet,DEL,BLR,2026-08-24,2026-09-23,30,7291,AVAILABLE
demo_connector,IndiGo,DEL,BLR,2026-08-24,2026-09-23,30,7774,AVAILABLE
demo_connector,Akasa Air,DEL,BLR,2026-08-24,2026-09-23,30,7440,AVAILABLE
demo_connector,Air India,DEL,BLR,2026-08-24,2026-10-08,45,7077,AVAILABLE
demo_connector,IndiGo,DEL,BLR,2026-08-24,2026-10-08,45,7074,AVAILABLE
demo_connector,SpiceJet,DEL,BLR,2026-08-24,2026-10-08,45,5827,AVAILABLE
demo_connector,IndiGo,BOM,BLR,2026-08-24,2026-08-25,1,7277,AVAILABLE
demo_connector,SpiceJet,BOM,BLR,2026-08-24,2026-08-25,1,7455,AVAILABLE
demo_connector,Akasa Air,BOM,BLR,2026-08-24,2026-08-25,1,7009,AVAILABLE
demo_connector,SpiceJet,BOM,BLR,2026-08-24,2026-08-31,7,6258,AVAILABLE
demo_connector,IndiGo,BOM,BLR,2026-08-24,2026-08-31,7,6988,AVAILABLE
demo_connector,Akasa Air,BOM,BLR,2026-08-24,2026-08-31,7,7195,AVAILABLE
demo_connector,Air India,BOM,BLR,2026-08-24,2026-08-31,7,7161,AVAILABLE
demo_connector,SpiceJet,BOM,BLR,2026-08-24,2026-09-08,15,5510,AVAILABLE
demo_connector,Air India,BOM,BLR,2026-08-24,2026-09-08,15,5939,AVAILABLE
demo_connector,Air India,BOM,BLR,2026-08-24,2026-09-23,30,5685,AVAILABLE
demo_connector,SpiceJet,BOM,BLR,2026-08-24,2026-09-23,30,5360,AVAILABLE
demo_connector,Air India,BOM,BLR,2026-08-24,2026-10-08,45,4314,AVAILABLE
demo_connector,SpiceJet,BOM,BLR,2026-08-24,2026-10-08,45,3992,AVAILABLE
demo_connector,Akasa Air,DEL,CCU,2026-08-24,2026-08-25,1,10260,AVAILABLE
demo_connector,Air India,DEL,CCU,2026-08-24,2026-08-25,1,9433,AVAILABLE
demo_connector,Air India,DEL,CCU,2026-08-24,2026-08-31,7,9016,AVAILABLE
demo_connector,IndiGo,DEL,CCU,2026-08-24,2026-08-31,7,8190,AVAILABLE
demo_connector,SpiceJet,DEL,CCU,2026-08-24,2026-08-31,7,8634,AVAILABLE
demo_connector,Akasa Air,DEL,CCU,2026-08-24,2026-08-31,7,8200,AVAILABLE
demo_connector,SpiceJet,DEL,CCU,2026-08-24,2026-09-08,15,8559,AVAILABLE
demo_connector,Air India,DEL,CCU,2026-08-24,2026-09-08,15,9081,AVAILABLE
demo_connector,Akasa Air,DEL,CCU,2026-08-24,2026-09-23,30,7236,AVAILABLE
demo_connector,Air India,DEL,CCU,2026-08-24,2026-09-23,30,7350,AVAILABLE
demo_connector,SpiceJet,DEL,CCU,2026-08-24,2026-09-23,30,7106,AVAILABLE
demo_connector,IndiGo,DEL,CCU,2026-08-24,2026-10-08,45,5697,AVAILABLE
demo_connector,SpiceJet,DEL,CCU,2026-08-24,2026-10-08,45,6421,AVAILABLE
demo_connector,Akasa Air,DEL,CCU,2026-08-24,2026-10-08,45,5559,AVAILABLE
demo_connector,Air India,DEL,CCU,2026-08-24,2026-10-08,45,6294,AVAILABLE
demo_connector,Akasa Air,BLR,HYD,2026-08-24,2026-08-25,1,6545,AVAILABLE
demo_connector,Air India,BLR,HYD,2026-08-24,2026-08-25,1,5895,AVAILABLE
demo_connector,IndiGo,BLR,HYD,2026-08-24,2026-08-25,1,5615,AVAILABLE
demo_connector,SpiceJet,BLR,HYD,2026-08-24,2026-08-31,7,5588,AVAILABLE
demo_connector,IndiGo,BLR,HYD,2026-08-24,2026-08-31,7,5794,AVAILABLE
demo_connector,Akasa Air,BLR,HYD,2026-08-24,2026-08-31,7,6225,AVAILABLE
demo_connector,Air India,BLR,HYD,2026-08-24,2026-08-31,7,6030,AVAILABLE
demo_connector,Air India,BLR,HYD,2026-08-24,2026-09-08,15,4912,AVAILABLE
demo_connector,SpiceJet,BLR,HYD,2026-08-24,2026-09-08,15,5490,AVAILABLE
demo_connector,Akasa Air,BLR,HYD,2026-08-24,2026-09-23,30,4889,AVAILABLE
demo_connector,Air India,BLR,HYD,2026-08-24,2026-09-23,30,4198,AVAILABLE
demo_connector,Air India,BLR,HYD,2026-08-24,2026-10-08,45,3401,AVAILABLE
demo_connector,Akasa Air,BLR,HYD,2026-08-24,2026-10-08,45,4022,AVAILABLE
demo_connector,SpiceJet,MAA,DEL,2026-08-24,2026-08-25,1,12098,AVAILABLE
demo_connector,Air India,MAA,DEL,2026-08-24,2026-08-25,1,12220,AVAILABLE
demo_connector,IndiGo,MAA,DEL,2026-08-24,2026-08-25,1,12235,AVAILABLE
demo_connector,Akasa Air,MAA,DEL,2026-08-24,2026-08-25,1,11153,AVAILABLE
demo_connector,Air India,MAA,DEL,2026-08-24,2026-08-31,7,9624,AVAILABLE
demo_connector,Akasa Air,MAA,DEL,2026-08-24,2026-08-31,7,9778,AVAILABLE
demo_connector,Air India,MAA,DEL,2026-08-24,2026-09-08,15,10019,AVAILABLE
demo_connector,SpiceJet,MAA,DEL,2026-08-24,2026-09-08,15,9600,AVAILABLE
demo_connector,Akasa Air,MAA,DEL,2026-08-24,2026-09-08,15,10002,AVAILABLE
demo_connector,IndiGo,MAA,DEL,2026-08-24,2026-09-08,15,9596,AVAILABLE
demo_connector,Air India,MAA,DEL,2026-08-24,2026-09-23,30,9137,AVAILABLE
demo_connector,Akasa Air,MAA,DEL,2026-08-24,2026-09-23,30,8904,AVAILABLE
demo_connector,IndiGo,MAA,DEL,2026-08-24,2026-09-23,30,8071,AVAILABLE
demo_connector,SpiceJet,MAA,DEL,2026-08-24,2026-09-23,30,8440,AVAILABLE
demo_connector,Akasa Air,MAA,DEL,2026-08-24,2026-10-08,45,6642,AVAILABLE
demo_connector,IndiGo,MAA,DEL,2026-08-24,2026-10-08,45,6501,AVAILABLE
demo_connector,Air India,MAA,DEL,2026-08-24,2026-10-08,45,7368,AVAILABLE
demo_connector,SpiceJet,MAA,DEL,2026-08-24,2026-10-08,45,6685,AVAILABLE
demo_connector,IndiGo,DEL,BOM,2026-08-25,2026-08-26,1,8715,AVAILABLE
demo_connector,Air India,DEL,BOM,2026-08-25,2026-08-26,1,8385,AVAILABLE
demo_connector,Akasa Air,DEL,BOM,2026-08-25,2026-08-26,1,8333,AVAILABLE
demo_connector,SpiceJet,DEL,BOM,2026-08-25,2026-08-26,1,8839,AVAILABLE
demo_connector,Akasa Air,DEL,BOM,2026-08-25,2026-09-01,7,9005,AVAILABLE
demo_connector,IndiGo,DEL,BOM,2026-08-25,2026-09-01,7,7630,AVAILABLE
demo_connector,Air India,DEL,BOM,2026-08-25,2026-09-01,7,8339,AVAILABLE
demo_connector,SpiceJet,DEL,BOM,2026-08-25,2026-09-01,7,7759,AVAILABLE
demo_connector,IndiGo,DEL,BOM,2026-08-25,2026-09-09,15,7548,AVAILABLE
demo_connector,SpiceJet,DEL,BOM,2026-08-25,2026-09-09,15,7505,AVAILABLE
demo_connector,Akasa Air,DEL,BOM,2026-08-25,2026-09-09,15,8267,AVAILABLE
demo_connector,Air India,DEL,BOM,2026-08-25,2026-09-09,15,7056,AVAILABLE
demo_connector,Air India,DEL,BOM,2026-08-25,2026-09-24,30,5979,AVAILABLE
demo_connector,IndiGo,DEL,BOM,2026-08-25,2026-09-24,30,6627,AVAILABLE
demo_connector,SpiceJet,DEL,BOM,2026-08-25,2026-10-09,45,5063,AVAILABLE
demo_connector,Air India,DEL,BOM,2026-08-25,2026-10-09,45,4877,AVAILABLE
demo_connector,IndiGo,DEL,BOM,2026-08-25,2026-10-09,45,4931,AVAILABLE
demo_connector,SpiceJet,DEL,BLR,2026-08-25,2026-08-26,1,10576,AVAILABLE
demo_connector,IndiGo,DEL,BLR,2026-08-25,2026-08-26,1,11345,AVAILABLE
demo_connector,IndiGo,DEL,BLR,2026-08-25,2026-09-01,7,8906,AVAILABLE
demo_connector,Akasa Air,DEL,BLR,2026-08-25,2026-09-01,7,9681,AVAILABLE
demo_connector,Air India,DEL,BLR,2026-08-25,2026-09-01,7,9091,AVAILABLE
demo_connector,IndiGo,DEL,BLR,2026-08-25,2026-09-09,15,8743,AVAILABLE
demo_connector,Air India,DEL,BLR,2026-08-25,2026-09-09,15,9154,AVAILABLE
demo_connector,Akasa Air,DEL,BLR,2026-08-25,2026-09-09,15,8414,AVAILABLE
demo_connector,SpiceJet,DEL,BLR,2026-08-25,2026-09-09,15,9741,AVAILABLE
demo_connector,IndiGo,DEL,BLR,2026-08-25,2026-09-24,30,8545,AVAILABLE
demo_connector,Air India,DEL,BLR,2026-08-25,2026-09-24,30,7896,AVAILABLE
demo_connector,Akasa Air,DEL,BLR,2026-08-25,2026-09-24,30,7883,AVAILABLE
demo_connector,Air India,DEL,BLR,2026-08-25,2026-10-09,45,6947,AVAILABLE
demo_connector,SpiceJet,DEL,BLR,2026-08-25,2026-10-09,45,5895,AVAILABLE
demo_connector,Akasa Air,DEL,BLR,2026-08-25,2026-10-09,45,5822,AVAILABLE
demo_connector,IndiGo,BOM,BLR,2026-08-25,2026-08-26,1,6499,AVAILABLE
demo_connector,Air India,BOM,BLR,2026-08-25,2026-08-26,1,7176,AVAILABLE
demo_connector,Akasa Air,BOM,BLR,2026-08-25,2026-08-26,1,6893,AVAILABLE
demo_connector,SpiceJet,BOM,BLR,2026-08-25,2026-08-26,1,7106,AVAILABLE
demo_connector,Akasa Air,BOM,BLR,2026-08-25,2026-09-01,7,6268,AVAILABLE
demo_connector,Air India,BOM,BLR,2026-08-25,2026-09-01,7,7195,AVAILABLE
demo_connector,Air India,BOM,BLR,2026-08-25,2026-09-09,15,6183,AVAILABLE
demo_connector,SpiceJet,BOM,BLR,2026-08-25,2026-09-09,15,5838,AVAILABLE
demo_connector,IndiGo,BOM,BLR,2026-08-25,2026-09-09,15,6218,AVAILABLE
demo_connector,Akasa Air,BOM,BLR,2026-08-25,2026-09-09,15,6582,AVAILABLE
demo_connector,SpiceJet,BOM,BLR,2026-08-25,2026-09-24,30,5579,AVAILABLE
demo_connector,Air India,BOM,BLR,2026-08-25,2026-09-24,30,5685,AVAILABLE
demo_connector,IndiGo,BOM,BLR,2026-08-25,2026-09-24,30,5717,AVAILABLE
demo_connector,Air India,BOM,BLR,2026-08-25,2026-10-09,45,4480,AVAILABLE
demo_connector,Akasa Air,BOM,BLR,2026-08-25,2026-10-09,45,4204,AVAILABLE
demo_connector,IndiGo,BOM,BLR,2026-08-25,2026-10-09,45,4298,AVAILABLE
demo_connector,IndiGo,DEL,CCU,2026-08-25,2026-08-26,1,8620,AVAILABLE
demo_connector,Air India,DEL,CCU,2026-08-25,2026-08-26,1,8962,AVAILABLE
demo_connector,SpiceJet,DEL,CCU,2026-08-25,2026-08-26,1,10000,AVAILABLE
demo_connector,Akasa Air,DEL,CCU,2026-08-25,2026-09-01,7,8419,AVAILABLE
demo_connector,SpiceJet,DEL,CCU,2026-08-25,2026-09-01,7,9574,AVAILABLE
demo_connector,Air India,DEL,CCU,2026-08-25,2026-09-01,7,8321,AVAILABLE
demo_connector,IndiGo,DEL,CCU,2026-08-25,2026-09-09,15,9180,AVAILABLE
demo_connector,SpiceJet,DEL,CCU,2026-08-25,2026-09-09,15,8137,AVAILABLE
demo_connector,Akasa Air,DEL,CCU,2026-08-25,2026-09-09,15,8658,AVAILABLE
demo_connector,Air India,DEL,CCU,2026-08-25,2026-09-09,15,8721,AVAILABLE
demo_connector,SpiceJet,DEL,CCU,2026-08-25,2026-09-24,30,6610,AVAILABLE
demo_connector,IndiGo,DEL,CCU,2026-08-25,2026-09-24,30,7766,AVAILABLE
demo_connector,Akasa Air,DEL,CCU,2026-08-25,2026-09-24,30,7028,AVAILABLE
demo_connector,Air India,DEL,CCU,2026-08-25,2026-09-24,30,7531,AVAILABLE
demo_connector,Air India,DEL,CCU,2026-08-25,2026-10-09,45,6335,AVAILABLE
demo_connector,Akasa Air,DEL,CCU,2026-08-25,2026-10-09,45,5932,AVAILABLE
demo_connector,SpiceJet,DEL,CCU,2026-08-25,2026-10-09,45,6460,AVAILABLE
demo_connector,Air India,BLR,HYD,2026-08-25,2026-08-26,1,5798,AVAILABLE
demo_connector,IndiGo,BLR,HYD,2026-08-25,2026-08-26,1,6420,AVAILABLE
demo_connector,Air India,BLR,HYD,2026-08-25,2026-09-01,7,6097,AVAILABLE
demo_connector,IndiGo,BLR,HYD,2026-08-25,2026-09-01,7,5879,AVAILABLE
demo_connector,SpiceJet,BLR,HYD,2026-08-25,2026-09-01,7,5439,AVAILABLE
demo_connector,Akasa Air,BLR,HYD,2026-08-25,2026-09-01,7,5245,AVAILABLE
demo_connector,Akasa Air,BLR,HYD,2026-08-25,2026-09-09,15,5408,AVAILABLE
demo_connector,IndiGo,BLR,HYD,2026-08-25,2026-09-09,15,5339,AVAILABLE
demo_connector,SpiceJet,BLR,HYD,2026-08-25,2026-09-24,30,4638,AVAILABLE
demo_connector,IndiGo,BLR,HYD,2026-08-25,2026-09-24,30,4561,AVAILABLE
demo_connector,Akasa Air,BLR,HYD,2026-08-25,2026-09-24,30,4606,AVAILABLE
demo_connector,Air India,BLR,HYD,2026-08-25,2026-09-24,30,4101,AVAILABLE
demo_connector,IndiGo,BLR,HYD,2026-08-25,2026-10-09,45,4101,AVAILABLE
demo_connector,SpiceJet,BLR,HYD,2026-08-25,2026-10-09,45,3871,AVAILABLE
demo_connector,Akasa Air,BLR,HYD,2026-08-25,2026-10-09,45,3529,AVAILABLE
demo_connector,Air India,BLR,HYD,2026-08-25,2026-10-09,45,3496,AVAILABLE
demo_connector,Air India,MAA,DEL,2026-08-25,2026-08-26,1,12325,AVAILABLE
demo_connector,Akasa Air,MAA,DEL,2026-08-25,2026-08-26,1,11197,AVAILABLE
demo_connector,IndiGo,MAA,DEL,2026-08-25,2026-08-26,1,10155,AVAILABLE
demo_connector,SpiceJet,MAA,DEL,2026-08-25,2026-08-26,1,10471,AVAILABLE
demo_connector,IndiGo,MAA,DEL,2026-08-25,2026-09-01,7,11571,AVAILABLE
demo_connector,Akasa Air,MAA,DEL,2026-08-25,2026-09-01,7,11553,AVAILABLE
demo_connector,Air India,MAA,DEL,2026-08-25,2026-09-01,7,9959,AVAILABLE
demo_connector,Air India,MAA,DEL,2026-08-25,2026-09-09,15,9786,AVAILABLE
demo_connector,IndiGo,MAA,DEL,2026-08-25,2026-09-09,15,9208,AVAILABLE
demo_connector,Akasa Air,MAA,DEL,2026-08-25,2026-09-24,30,8080,AVAILABLE
demo_connector,SpiceJet,MAA,DEL,2026-08-25,2026-09-24,30,8363,AVAILABLE
demo_connector,IndiGo,MAA,DEL,2026-08-25,2026-10-09,45,7255,AVAILABLE
demo_connector,Air India,MAA,DEL,2026-08-25,2026-10-09,45,7506,AVAILABLE
demo_connector,Akasa Air,MAA,DEL,2026-08-25,2026-10-09,45,7202,AVAILABLE
demo_connector,IndiGo,DEL,BOM,2026-08-26,2026-08-27,1,8091,AVAILABLE
demo_connector,SpiceJet,DEL,BOM,2026-08-26,2026-08-27,1,8259,AVAILABLE
demo_connector,Akasa Air,DEL,BOM,2026-08-26,2026-08-27,1,8918,AVAILABLE
demo_connector,Air India,DEL,BOM,2026-08-26,2026-08-27,1,8609,AVAILABLE
demo_connector,Akasa Air,DEL,BOM,2026-08-26,2026-09-02,7,8509,AVAILABLE
demo_connector,IndiGo,DEL,BOM,2026-08-26,2026-09-02,7,8143,AVAILABLE
demo_connector,Akasa Air,DEL,BOM,2026-08-26,2026-09-10,15,7283,AVAILABLE
demo_connector,IndiGo,DEL,BOM,2026-08-26,2026-09-10,15,7957,AVAILABLE
demo_connector,Air India,DEL,BOM,2026-08-26,2026-09-10,15,8319,AVAILABLE
demo_connector,SpiceJet,DEL,BOM,2026-08-26,2026-09-10,15,8315,AVAILABLE
demo_connector,Akasa Air,DEL,BOM,2026-08-26,2026-09-25,30,6016,AVAILABLE
demo_connector,IndiGo,DEL,BOM,2026-08-26,2026-09-25,30,5855,AVAILABLE
demo_connector,SpiceJet,DEL,BOM,2026-08-26,2026-10-10,45,5069,AVAILABLE
demo_connector,Air India,DEL,BOM,2026-08-26,2026-10-10,45,5675,AVAILABLE
demo_connector,SpiceJet,DEL,BLR,2026-08-26,2026-08-27,1,11039,AVAILABLE
demo_connector,Air India,DEL,BLR,2026-08-26,2026-08-27,1,10871,AVAILABLE
demo_connector,Air India,DEL,BLR,2026-08-26,2026-09-02,7,10436,AVAILABLE
demo_connector,SpiceJet,DEL,BLR,2026-08-26,2026-09-02,7,10578,AVAILABLE
demo_connector,Akasa Air,DEL,BLR,2026-08-26,2026-09-02,7,10739,AVAILABLE
demo_connector,SpiceJet,DEL,BLR,2026-08-26,2026-09-10,15,9735,AVAILABLE
demo_connector,Akasa Air,DEL,BLR,2026-08-26,2026-09-10,15,8527,AVAILABLE
demo_connector,IndiGo,DEL,BLR,2026-08-26,2026-09-10,15,9848,AVAILABLE
demo_connector,SpiceJet,DEL,BLR,2026-08-26,2026-09-25,30,7965,AVAILABLE
demo_connector,Akasa Air,DEL,BLR,2026-08-26,2026-09-25,30,7323,AVAILABLE
demo_connector,Air India,DEL,BLR,2026-08-26,2026-10-10,45,6640,AVAILABLE
demo_connector,SpiceJet,DEL,BLR,2026-08-26,2026-10-10,45,6544,AVAILABLE
demo_connector,SpiceJet,BOM,BLR,2026-08-26,2026-08-27,1,7004,AVAILABLE
demo_connector,IndiGo,BOM,BLR,2026-08-26,2026-08-27,1,7179,AVAILABLE
demo_connector,Akasa Air,BOM,BLR,2026-08-26,2026-08-27,1,7462,AVAILABLE
demo_connector,IndiGo,BOM,BLR,2026-08-26,2026-09-02,7,6046,AVAILABLE
demo_connector,Air India,BOM,BLR,2026-08-26,2026-09-02,7,6610,AVAILABLE
demo_connector,IndiGo,BOM,BLR,2026-08-26,2026-09-10,15,5607,AVAILABLE
demo_connector,SpiceJet,BOM,BLR,2026-08-26,2026-09-10,15,5810,AVAILABLE
demo_connector,Akasa Air,BOM,BLR,2026-08-26,2026-09-10,15,5673,AVAILABLE
demo_connector,Air India,BOM,BLR,2026-08-26,2026-09-10,15,6406,AVAILABLE
demo_connector,Akasa Air,BOM,BLR,2026-08-26,2026-09-25,30,5374,AVAILABLE
demo_connector,SpiceJet,BOM,BLR,2026-08-26,2026-09-25,30,4847,AVAILABLE
demo_connector,IndiGo,BOM,BLR,2026-08-26,2026-10-10,45,4004,AVAILABLE
demo_connector,SpiceJet,BOM,BLR,2026-08-26,2026-10-10,45,4259,AVAILABLE
demo_connector,Air India,BOM,BLR,2026-08-26,2026-10-10,45,4194,AVAILABLE
demo_connector,Akasa Air,BOM,BLR,2026-08-26,2026-10-10,45,4064,AVAILABLE
demo_connector,Air India,DEL,CCU,2026-08-26,2026-08-27,1,10089,AVAILABLE
demo_connector,Akasa Air,DEL,CCU,2026-08-26,2026-08-27,1,9084,AVAILABLE
demo_connector,SpiceJet,DEL,CCU,2026-08-26,2026-08-27,1,9757,AVAILABLE
demo_connector,IndiGo,DEL,CCU,2026-08-26,2026-08-27,1,9415,AVAILABLE
demo_connector,Akasa Air,DEL,CCU,2026-08-26,2026-09-02,7,9301,AVAILABLE
demo_connector,SpiceJet,DEL,CCU,2026-08-26,2026-09-02,7,9348,AVAILABLE
demo_connector,IndiGo,DEL,CCU,2026-08-26,2026-09-02,7,8819,AVAILABLE
demo_connector,IndiGo,DEL,CCU,2026-08-26,2026-09-10,15,8162,AVAILABLE
demo_connector,SpiceJet,DEL,CCU,2026-08-26,2026-09-10,15,8085,AVAILABLE
demo_connector,Air India,DEL,CCU,2026-08-26,2026-09-10,15,8606,AVAILABLE
demo_connector,Akasa Air,DEL,CCU,2026-08-26,2026-09-25,30,6648,AVAILABLE
demo_connector,IndiGo,DEL,CCU,2026-08-26,2026-09-25,30,7019,AVAILABLE
demo_connector,SpiceJet,DEL,CCU,2026-08-26,2026-09-25,30,7183,AVAILABLE
demo_connector,Air India,DEL,CCU,2026-08-26,2026-09-25,30,7390,AVAILABLE
demo_connector,Air India,DEL,CCU,2026-08-26,2026-10-10,45,5747,AVAILABLE
demo_connector,SpiceJet,DEL,CCU,2026-08-26,2026-10-10,45,6270,AVAILABLE
demo_connector,SpiceJet,BLR,HYD,2026-08-26,2026-08-27,1,5914,AVAILABLE
demo_connector,IndiGo,BLR,HYD,2026-08-26,2026-08-27,1,5938,AVAILABLE
demo_connector,Air India,BLR,HYD,2026-08-26,2026-08-27,1,5756,AVAILABLE
demo_connector,Akasa Air,BLR,HYD,2026-08-26,2026-08-27,1,6451,AVAILABLE
demo_connector,Air India,BLR,HYD,2026-08-26,2026-09-02,7,6116,AVAILABLE
demo_connector,IndiGo,BLR,HYD,2026-08-26,2026-09-02,7,5992,AVAILABLE
demo_connector,SpiceJet,BLR,HYD,2026-08-26,2026-09-02,7,6189,AVAILABLE
demo_connector,Air India,BLR,HYD,2026-08-26,2026-09-10,15,4978,AVAILABLE
demo_connector,IndiGo,BLR,HYD,2026-08-26,2026-09-10,15,5301,AVAILABLE
demo_connector,Akasa Air,BLR,HYD,2026-08-26,2026-09-25,30,4217,AVAILABLE
demo_connector,Air India,BLR,HYD,2026-08-26,2026-09-25,30,4778,AVAILABLE
demo_connector,IndiGo,BLR,HYD,2026-08-26,2026-09-25,30,4580,AVAILABLE
demo_connector,SpiceJet,BLR,HYD,2026-08-26,2026-09-25,30,4488,AVAILABLE
demo_connector,Air India,BLR,HYD,2026-08-26,2026-10-10,45,3509,AVAILABLE
demo_connector,Akasa Air,BLR,HYD,2026-08-26,2026-10-10,45,3804,AVAILABLE
demo_connector,SpiceJet,BLR,HYD,2026-08-26,2026-10-10,45,3980,AVAILABLE
demo_connector,SpiceJet,MAA,DEL,2026-08-26,2026-08-27,1,10867,AVAILABLE
demo_connector,Air India,MAA,DEL,2026-08-26,2026-08-27,1,11343,AVAILABLE
demo_connector,Akasa Air,MAA,DEL,2026-08-26,2026-08-27,1,10984,AVAILABLE
demo_connector,Air India,MAA,DEL,2026-08-26,2026-09-02,7,11628,AVAILABLE
demo_connector,Akasa Air,MAA,DEL,2026-08-26,2026-09-02,7,9684,AVAILABLE
demo_connector,SpiceJet,MAA,DEL,2026-08-26,2026-09-02,7,10702,AVAILABLE
demo_connector,IndiGo,MAA,DEL,2026-08-26,2026-09-02,7,10643,AVAILABLE
demo_connector,IndiGo,MAA,DEL,2026-08-26,2026-09-10,15,10628,AVAILABLE
demo_connector,Akasa Air,MAA,DEL,2026-08-26,2026-09-10,15,9730,AVAILABLE
demo_connector,Air India,MAA,DEL,2026-08-26,2026-09-10,15,9272,AVAILABLE
demo_connector,SpiceJet,MAA,DEL,2026-08-26,2026-09-10,15,10279,AVAILABLE
demo_connector,Air India,MAA,DEL,2026-08-26,2026-09-25,30,9181,AVAILABLE
demo_connector,IndiGo,MAA,DEL,2026-08-26,2026-09-25,30,7983,AVAILABLE
demo_connector,Akasa Air,MAA,DEL,2026-08-26,2026-09-25,30,7842,AVAILABLE
demo_connector,SpiceJet,MAA,DEL,2026-08-26,2026-10-10,45,6859,AVAILABLE
demo_connector,Akasa Air,MAA,DEL,2026-08-26,2026-10-10,45,6882,AVAILABLE
demo_connector,Air India,DEL,BOM,2026-08-27,2026-08-28,1,9139,AVAILABLE
demo_connector,IndiGo,DEL,BOM,2026-08-27,2026-08-28,1,8368,AVAILABLE
demo_connector,SpiceJet,DEL,BOM,2026-08-27,2026-08-28,1,8187,AVAILABLE
demo_connector,Akasa Air,DEL,BOM,2026-08-27,2026-09-03,7,8535,AVAILABLE
demo_connector,IndiGo,DEL,BOM,2026-08-27,2026-09-03,7,7597,AVAILABLE
demo_connector,Air India,DEL,BOM,2026-08-27,2026-09-03,7,8235,AVAILABLE
demo_connector,SpiceJet,DEL,BOM,2026-08-27,2026-09-03,7,8663,AVAILABLE
demo_connector,IndiGo,DEL,BOM,2026-08-27,2026-09-11,15,7550,AVAILABLE
demo_connector,Air India,DEL,BOM,2026-08-27,2026-09-11,15,8297,AVAILABLE
demo_connector,SpiceJet,DEL,BOM,2026-08-27,2026-09-11,15,7584,AVAILABLE
demo_connector,Air India,DEL,BOM,2026-08-27,2026-09-26,30,6459,AVAILABLE
demo_connector,SpiceJet,DEL,BOM,2026-08-27,2026-09-26,30,6151,AVAILABLE
demo_connector,Air India,DEL,BOM,2026-08-27,2026-10-11,45,5282,AVAILABLE
demo_connector,IndiGo,DEL,BOM,2026-08-27,2026-10-11,45,5222,AVAILABLE
demo_connector,SpiceJet,DEL,BOM,2026-08-27,2026-10-11,45,5570,AVAILABLE
demo_connector,Akasa Air,DEL,BOM,2026-08-27,2026-10-11,45,5075,AVAILABLE
demo_connector,Air India,DEL,BLR,2026-08-27,2026-08-28,1,11333,AVAILABLE
demo_connector,IndiGo,DEL,BLR,2026-08-27,2026-08-28,1,11233,AVAILABLE
demo_connector,Akasa Air,DEL,BLR,2026-08-27,2026-08-28,1,10859,AVAILABLE
demo_connector,SpiceJet,DEL,BLR,2026-08-27,2026-08-28,1,11346,AVAILABLE
demo_connector,Air India,DEL,BLR,2026-08-27,2026-09-03,7,9006,AVAILABLE
demo_connector,Akasa Air,DEL,BLR,2026-08-27,2026-09-03,7,9866,AVAILABLE
demo_connector,SpiceJet,DEL,BLR,2026-08-27,2026-09-03,7,10658,AVAILABLE
demo_connector,IndiGo,DEL,BLR,2026-08-27,2026-09-03,7,10059,AVAILABLE
demo_connector,Akasa Air,DEL,BLR,2026-08-27,2026-09-11,15,8274,AVAILABLE
demo_connector,IndiGo,DEL,BLR,2026-08-27,2026-09-11,15,9547,AVAILABLE
demo_connector,Air India,DEL,BLR,2026-08-27,2026-09-11,15,8488,AVAILABLE
demo_connector,Akasa Air,DEL,BLR,2026-08-27,2026-09-26,30,8430,AVAILABLE
demo_connector,Air India,DEL,BLR,2026-08-27,2026-09-26,30,8409,AVAILABLE
demo_connector,IndiGo,DEL,BLR,2026-08-27,2026-09-26,30,7058,AVAILABLE
demo_connector,Air India,DEL,BLR,2026-08-27,2026-10-11,45,6038,AVAILABLE
demo_connector,Akasa Air,DEL,BLR,2026-08-27,2026-10-11,45,6236,AVAILABLE
demo_connector,IndiGo,BOM,BLR,2026-08-27,2026-08-28,1,6583,AVAILABLE
demo_connector,Akasa Air,BOM,BLR,2026-08-27,2026-08-28,1,6461,AVAILABLE
demo_connector,Air India,BOM,BLR,2026-08-27,2026-08-28,1,6937,AVAILABLE
demo_connector,Akasa Air,BOM,BLR,2026-08-27,2026-09-03,7,6261,AVAILABLE
demo_connector,SpiceJet,BOM,BLR,2026-08-27,2026-09-03,7,6624,AVAILABLE
demo_connector,IndiGo,BOM,BLR,2026-08-27,2026-09-03,7,6547,AVAILABLE
demo_connector,Akasa Air,BOM,BLR,2026-08-27,2026-09-11,15,5735,AVAILABLE
demo_connector,SpiceJet,BOM,BLR,2026-08-27,2026-09-11,15,6449,AVAILABLE
demo_connector,Air India,BOM,BLR,2026-08-27,2026-09-11,15,5805,AVAILABLE
demo_connector,Air India,BOM,BLR,2026-08-27,2026-09-26,30,5192,AVAILABLE
demo_connector,IndiGo,BOM,BLR,2026-08-27,2026-09-26,30,4902,AVAILABLE
demo_connector,SpiceJet,BOM,BLR,2026-08-27,2026-09-26,30,5662,AVAILABLE
demo_connector,IndiGo,BOM,BLR,2026-08-27,2026-10-11,45,3912,AVAILABLE
demo_connector,Air India,BOM,BLR,2026-08-27,2026-10-11,45,4070,AVAILABLE
demo_connector,Air India,DEL,CCU,2026-08-27,2026-08-28,1,9237,AVAILABLE
demo_connector,SpiceJet,DEL,CCU,2026-08-27,2026-08-28,1,9153,AVAILABLE
demo_connector,Akasa Air,DEL,CCU,2026-08-27,2026-09-03,7,9669,AVAILABLE
demo_connector,IndiGo,DEL,CCU,2026-08-27,2026-09-03,7,9604,AVAILABLE
demo_connector,Air India,DEL,CCU,2026-08-27,2026-09-03,7,9878,AVAILABLE
demo_connector,SpiceJet,DEL,CCU,2026-08-27,2026-09-03,7,9694,AVAILABLE
demo_connector,SpiceJet,DEL,CCU,2026-08-27,2026-09-11,15,8083,AVAILABLE
demo_connector,Air India,DEL,CCU,2026-08-27,2026-09-11,15,8308,AVAILABLE
demo_connector,IndiGo,DEL,CCU,2026-08-27,2026-09-11,15,8873,AVAILABLE
demo_connector,Akasa Air,DEL,CCU,2026-08-27,2026-09-26,30,7121,AVAILABLE
demo_connector,IndiGo,DEL,CCU,2026-08-27,2026-09-26,30,7833,AVAILABLE
demo_connector,Air India,DEL,CCU,2026-08-27,2026-09-26,30,7154,AVAILABLE
demo_connector,SpiceJet,DEL,CCU,2026-08-27,2026-09-26,30,7205,AVAILABLE
demo_connector,IndiGo,DEL,CCU,2026-08-27,2026-10-11,45,6027,AVAILABLE
demo_connector,SpiceJet,DEL,CCU,2026-08-27,2026-10-11,45,5393,AVAILABLE
demo_connector,Air India,BLR,HYD,2026-08-27,2026-08-28,1,5810,AVAILABLE
demo_connector,SpiceJet,BLR,HYD,2026-08-27,2026-08-28,1,5663,AVAILABLE
demo_connector,IndiGo,BLR,HYD,2026-08-27,2026-08-28,1,5904,AVAILABLE
demo_connector,SpiceJet,BLR,HYD,2026-08-27,2026-09-03,7,6021,AVAILABLE
demo_connector,Air India,BLR,HYD,2026-08-27,2026-09-03,7,6083,AVAILABLE
demo_connector,Akasa Air,BLR,HYD,2026-08-27,2026-09-03,7,5774,AVAILABLE
demo_connector,SpiceJet,BLR,HYD,2026-08-27,2026-09-11,15,5590,AVAILABLE
demo_connector,Akasa Air,BLR,HYD,2026-08-27,2026-09-11,15,5373,AVAILABLE
demo_connector,IndiGo,BLR,HYD,2026-08-27,2026-09-11,15,5390,AVAILABLE
demo_connector,IndiGo,BLR,HYD,2026-08-27,2026-09-26,30,4870,AVAILABLE
demo_connector,Air India,BLR,HYD,2026-08-27,2026-09-26,30,4770,AVAILABLE
demo_connector,Air India,BLR,HYD,2026-08-27,2026-10-11,45,3863,AVAILABLE
demo_connector,SpiceJet,BLR,HYD,2026-08-27,2026-10-11,45,3402,AVAILABLE
demo_connector,SpiceJet,MAA,DEL,2026-08-27,2026-08-28,1,12364,AVAILABLE
demo_connector,Air India,MAA,DEL,2026-08-27,2026-08-28,1,12095,AVAILABLE
demo_connector,Akasa Air,MAA,DEL,2026-08-27,2026-08-28,1,11122,AVAILABLE
demo_connector,IndiGo,MAA,DEL,2026-08-27,2026-08-28,1,12224,AVAILABLE
demo_connector,Air India,MAA,DEL,2026-08-27,2026-09-03,7,9785,AVAILABLE
demo_connector,SpiceJet,MAA,DEL,2026-08-27,2026-09-03,7,11580,AVAILABLE
demo_connector,SpiceJet,MAA,DEL,2026-08-27,2026-09-11,15,9447,AVAILABLE
demo_connector,Akasa Air,MAA,DEL,2026-08-27,2026-09-11,15,9541,AVAILABLE
demo_connector,IndiGo,MAA,DEL,2026-08-27,2026-09-11,15,10550,AVAILABLE
demo_connector,Air India,MAA,DEL,2026-08-27,2026-09-11,15,10641,AVAILABLE
demo_connector,Air India,MAA,DEL,2026-08-27,2026-09-26,30,8409,AVAILABLE
demo_connector,SpiceJet,MAA,DEL,2026-08-27,2026-09-26,30,8166,AVAILABLE
demo_connector,Akasa Air,MAA,DEL,2026-08-27,2026-09-26,30,8454,AVAILABLE
demo_connector,IndiGo,MAA,DEL,2026-08-27,2026-09-26,30,7904,AVAILABLE
demo_connector,IndiGo,MAA,DEL,2026-08-27,2026-10-11,45,6315,AVAILABLE
demo_connector,Akasa Air,MAA,DEL,2026-08-27,2026-10-11,45,6418,AVAILABLE
demo_connector,IndiGo,DEL,BOM,2026-08-28,2026-08-29,1,9496,AVAILABLE
demo_connector,SpiceJet,DEL,BOM,2026-08-28,2026-08-29,1,8502,AVAILABLE
demo_connector,Air India,DEL,BOM,2026-08-28,2026-08-29,1,8285,AVAILABLE
demo_connector,Air India,DEL,BOM,2026-08-28,2026-09-04,7,8371,AVAILABLE
demo_connector,IndiGo,DEL,BOM,2026-08-28,2026-09-04,7,8036,AVAILABLE
demo_connector,SpiceJet,DEL,BOM,2026-08-28,2026-09-04,7,7532,AVAILABLE
demo_connector,Akasa Air,DEL,BOM,2026-08-28,2026-09-12,15,7977,AVAILABLE
demo_connector,Air India,DEL,BOM,2026-08-28,2026-09-12,15,6994,AVAILABLE
demo_connector,IndiGo,DEL,BOM,2026-08-28,2026-09-12,15,7186,AVAILABLE
demo_connector,SpiceJet,DEL,BOM,2026-08-28,2026-09-12,15,8046,AVAILABLE
demo_connector,Akasa Air,DEL,BOM,2026-08-28,2026-09-27,30,6472,AVAILABLE
demo_connector,Air India,DEL,BOM,2026-08-28,2026-09-27,30,7146,AVAILABLE
demo_connector,SpiceJet,DEL,BOM,2026-08-28,2026-09-27,30,5895,AVAILABLE
demo_connector,SpiceJet,DEL,BOM,2026-08-28,2026-10-12,45,5044,AVAILABLE
demo_connector,IndiGo,DEL,BOM,2026-08-28,2026-10-12,45,5546,AVAILABLE
demo_connector,Akasa Air,DEL,BOM,2026-08-28,2026-10-12,45,5193,AVAILABLE
demo_connector,Air India,DEL,BOM,2026-08-28,2026-10-12,45,5507,AVAILABLE
demo_connector,SpiceJet,DEL,BLR,2026-08-28,2026-08-29,1,10471,AVAILABLE
demo_connector,Akasa Air,DEL,BLR,2026-08-28,2026-08-29,1,9725,AVAILABLE
demo_connector,Akasa Air,DEL,BLR,2026-08-28,2026-09-04,7,9727,AVAILABLE
demo_connector,SpiceJet,DEL,BLR,2026-08-28,2026-09-04,7,10687,AVAILABLE
demo_connector,IndiGo,DEL,BLR,2026-08-28,2026-09-04,7,9531,AVAILABLE
demo_connector,Air India,DEL,BLR,2026-08-28,2026-09-04,7,10045,AVAILABLE
demo_connector,Air India,DEL,BLR,2026-08-28,2026-09-12,15,8655,AVAILABLE
demo_connector,Akasa Air,DEL,BLR,2026-08-28,2026-09-12,15,9180,AVAILABLE
demo_connector,SpiceJet,DEL,BLR,2026-08-28,2026-09-12,15,8978,AVAILABLE
demo_connector,Air India,DEL,BLR,2026-08-28,2026-09-27,30,8357,AVAILABLE
demo_connector,Akasa Air,DEL,BLR,2026-08-28,2026-09-27,30,7818,AVAILABLE
demo_connector,IndiGo,DEL,BLR,2026-08-28,2026-09-27,30,7115,AVAILABLE
demo_connector,SpiceJet,DEL,BLR,2026-08-28,2026-09-27,30,8413,AVAILABLE
demo_connector,IndiGo,DEL,BLR,2026-08-28,2026-10-12,45,6055,AVAILABLE
demo_connector,Air India,DEL,BLR,2026-08-28,2026-10-12,45,7064,AVAILABLE
demo_connector,SpiceJet,DEL,BLR,2026-08-28,2026-10-12,45,6202,AVAILABLE
demo_connector,IndiGo,BOM,BLR,2026-08-28,2026-08-29,1,7399,AVAILABLE
demo_connector,Air India,BOM,BLR,2026-08-28,2026-08-29,1,6730,AVAILABLE
demo_connector,Akasa Air,BOM,BLR,2026-08-28,2026-09-04,7,6521,AVAILABLE
demo_connector,IndiGo,BOM,BLR,2026-08-28,2026-09-04,7,6761,AVAILABLE
demo_connector,Air India,BOM,BLR,2026-08-28,2026-09-04,7,6252,AVAILABLE
demo_connector,SpiceJet,BOM,BLR,2026-08-28,2026-09-04,7,6935,AVAILABLE
demo_connector,Air India,BOM,BLR,2026-08-28,2026-09-12,15,5907,AVAILABLE
demo_connector,Akasa Air,BOM,BLR,2026-08-28,2026-09-12,15,6607,AVAILABLE
demo_connector,SpiceJet,BOM,BLR,2026-08-28,2026-09-12,15,6638,AVAILABLE
demo_connector,IndiGo,BOM,BLR,2026-08-28,2026-09-12,15,6352,AVAILABLE
demo_connector,Air India,BOM,BLR,2026-08-28,2026-09-27,30,5248,AVAILABLE
demo_connector,Akasa Air,BOM,BLR,2026-08-28,2026-09-27,30,5672,AVAILABLE
demo_connector,SpiceJet,BOM,BLR,2026-08-28,2026-09-27,30,5458,AVAILABLE
demo_connector,IndiGo,BOM,BLR,2026-08-28,2026-09-27,30,5159,AVAILABLE
demo_connector,Air India,BOM,BLR,2026-08-28,2026-10-12,45,3977,AVAILABLE
demo_connector,Akasa Air,BOM,BLR,2026-08-28,2026-10-12,45,4483,AVAILABLE
demo_connector,SpiceJet,BOM,BLR,2026-08-28,2026-10-12,45,4349,AVAILABLE
demo_connector,IndiGo,BOM,BLR,2026-08-28,2026-10-12,45,4522,AVAILABLE
demo_connector,Air India,DEL,CCU,2026-08-28,2026-08-29,1,8955,AVAILABLE
demo_connector,IndiGo,DEL,CCU,2026-08-28,2026-08-29,1,9314,AVAILABLE
demo_connector,IndiGo,DEL,CCU,2026-08-28,2026-09-04,7,8474,AVAILABLE
demo_connector,Akasa Air,DEL,CCU,2026-08-28,2026-09-04,7,8928,AVAILABLE
demo_connector,Air India,DEL,CCU,2026-08-28,2026-09-04,7,8525,AVAILABLE
demo_connector,Air India,DEL,CCU,2026-08-28,2026-09-12,15,9143,AVAILABLE
demo_connector,IndiGo,DEL,CCU,2026-08-28,2026-09-12,15,7615,AVAILABLE
demo_connector,SpiceJet,DEL,CCU,2026-08-28,2026-09-27,30,6788,AVAILABLE
demo_connector,IndiGo,DEL,CCU,2026-08-28,2026-09-27,30,7440,AVAILABLE
demo_connector,Akasa Air,DEL,CCU,2026-08-28,2026-09-27,30,7346,AVAILABLE
demo_connector,Air India,DEL,CCU,2026-08-28,2026-09-27,30,7838,AVAILABLE
demo_connector,SpiceJet,DEL,CCU,2026-08-28,2026-10-12,45,6179,AVAILABLE
demo_connector,IndiGo,DEL,CCU,2026-08-28,2026-10-12,45,6396,AVAILABLE
demo_connector,Akasa Air,DEL,CCU,2026-08-28,2026-10-12,45,6259,AVAILABLE
demo_connector,IndiGo,BLR,HYD,2026-08-28,2026-08-29,1,6089,AVAILABLE
demo_connector,SpiceJet,BLR,HYD,2026-08-28,2026-08-29,1,6064,AVAILABLE
demo_connector,Air India,BLR,HYD,2026-08-28,2026-08-29,1,5580,AVAILABLE
demo_connector,Akasa Air,BLR,HYD,2026-08-28,2026-08-29,1,6529,AVAILABLE
demo_connector,IndiGo,BLR,HYD,2026-08-28,2026-09-04,7,6060,AVAILABLE
demo_connector,SpiceJet,BLR,HYD,2026-08-28,2026-09-04,7,5414,AVAILABLE
demo_connector,Air India,BLR,HYD,2026-08-28,2026-09-12,15,5557,AVAILABLE
demo_connector,Akasa Air,BLR,HYD,2026-08-28,2026-09-12,15,5649,AVAILABLE
demo_connector,SpiceJet,BLR,HYD,2026-08-28,2026-09-12,15,5471,AVAILABLE
demo_connector,IndiGo,BLR,HYD,2026-08-28,2026-09-27,30,4100,AVAILABLE
demo_connector,SpiceJet,BLR,HYD,2026-08-28,2026-09-27,30,4752,AVAILABLE
demo_connector,Air India,BLR,HYD,2026-08-28,2026-09-27,30,4389,AVAILABLE
demo_connector,Akasa Air,BLR,HYD,2026-08-28,2026-09-27,30,4995,AVAILABLE
demo_connector,Air India,BLR,HYD,2026-08-28,2026-10-12,45,3828,AVAILABLE
demo_connector,Akasa Air,BLR,HYD,2026-08-28,2026-10-12,45,3756,AVAILABLE
demo_connector,SpiceJet,BLR,HYD,2026-08-28,2026-10-12,45,3575,AVAILABLE
demo_connector,IndiGo,BLR,HYD,2026-08-28,2026-10-12,45,4137,AVAILABLE
demo_connector,Air India,MAA,DEL,2026-08-28,2026-08-29,1,11221,AVAILABLE
demo_connector,Akasa Air,MAA,DEL,2026-08-28,2026-08-29,1,11375,AVAILABLE
demo_connector,SpiceJet,MAA,DEL,2026-08-28,2026-08-29,1,11372,AVAILABLE
demo_connector,IndiGo,MAA,DEL,2026-08-28,2026-09-04,7,10477,AVAILABLE
demo_connector,Akasa Air,MAA,DEL,2026-08-28,2026-09-04,7,9707,AVAILABLE
demo_connector,IndiGo,MAA,DEL,2026-08-28,2026-09-12,15,8954,AVAILABLE
demo_connector,Air India,MAA,DEL,2026-08-28,2026-09-12,15,9619,AVAILABLE
demo_connector,IndiGo,MAA,DEL,2026-08-28,2026-09-27,30,7628,AVAILABLE
demo_connector,Akasa Air,MAA,DEL,2026-08-28,2026-09-27,30,8573,AVAILABLE
demo_connector,SpiceJet,MAA,DEL,2026-08-28,2026-09-27,30,7649,AVAILABLE
demo_connector,Air India,MAA,DEL,2026-08-28,2026-09-27,30,8838,AVAILABLE
demo_connector,Akasa Air,MAA,DEL,2026-08-28,2026-10-12,45,7091,AVAILABLE
demo_connector,SpiceJet,MAA,DEL,2026-08-28,2026-10-12,45,6598,AVAILABLE
demo_connector,SpiceJet,DEL,BOM,2026-08-29,2026-08-30,1,8653,AVAILABLE
demo_connector,Air India,DEL,BOM,2026-08-29,2026-08-30,1,9428,AVAILABLE
demo_connector,IndiGo,DEL,BOM,2026-08-29,2026-09-05,7,7756,AVAILABLE
demo_connector,SpiceJet,DEL,BOM,2026-08-29,2026-09-05,7,8067,AVAILABLE
demo_connector,Air India,DEL,BOM,2026-08-29,2026-09-13,15,6937,AVAILABLE
demo_connector,IndiGo,DEL,BOM,2026-08-29,2026-09-13,15,7277,AVAILABLE
demo_connector,SpiceJet,DEL,BOM,2026-08-29,2026-09-13,15,7646,AVAILABLE
demo_connector,SpiceJet,DEL,BOM,2026-08-29,2026-09-28,30,6227,AVAILABLE
demo_connector,Air India,DEL,BOM,2026-08-29,2026-09-28,30,6956,AVAILABLE
demo_connector,IndiGo,DEL,BOM,2026-08-29,2026-09-28,30,6755,AVAILABLE
demo_connector,Akasa Air,DEL,BOM,2026-08-29,2026-09-28,30,7024,AVAILABLE
demo_connector,IndiGo,DEL,BOM,2026-08-29,2026-10-13,45,5755,AVAILABLE
demo_connector,Akasa Air,DEL,BOM,2026-08-29,2026-10-13,45,5213,AVAILABLE
demo_connector,SpiceJet,DEL,BOM,2026-08-29,2026-10-13,45,4928,AVAILABLE
demo_connector,Air India,DEL,BOM,2026-08-29,2026-10-13,45,5606,AVAILABLE
demo_connector,SpiceJet,DEL,BLR,2026-08-29,2026-08-30,1,10477,AVAILABLE
demo_connector,Akasa Air,DEL,BLR,2026-08-29,2026-08-30,1,9971,AVAILABLE
demo_connector,IndiGo,DEL,BLR,2026-08-29,2026-08-30,1,10206,AVAILABLE
demo_connector,Air India,DEL,BLR,2026-08-29,2026-08-30,1,11287,AVAILABLE
demo_connector,Akasa Air,DEL,BLR,2026-08-29,2026-09-05,7,9097,AVAILABLE
demo_connector,IndiGo,DEL,BLR,2026-08-29,2026-09-05,7,9076,AVAILABLE
demo_connector,SpiceJet,DEL,BLR,2026-08-29,2026-09-05,7,8969,AVAILABLE
demo_connector,Air India,DEL,BLR,2026-08-29,2026-09-05,7,10161,AVAILABLE
demo_connector,SpiceJet,DEL,BLR,2026-08-29,2026-09-13,15,8729,AVAILABLE
demo_connector,Akasa Air,DEL,BLR,2026-08-29,2026-09-13,15,9944,AVAILABLE
demo_connector,Air India,DEL,BLR,2026-08-29,2026-09-13,15,8418,AVAILABLE
demo_connector,IndiGo,DEL,BLR,2026-08-29,2026-09-13,15,8374,AVAILABLE
demo_connector,SpiceJet,DEL,BLR,2026-08-29,2026-09-28,30,7521,AVAILABLE
demo_connector,Air India,DEL,BLR,2026-08-29,2026-09-28,30,8236,AVAILABLE
demo_connector,Akasa Air,DEL,BLR,2026-08-29,2026-10-13,45,6241,AVAILABLE
demo_connector,SpiceJet,DEL,BLR,2026-08-29,2026-10-13,45,6507,AVAILABLE
demo_connector,Akasa Air,BOM,BLR,2026-08-29,2026-08-30,1,7246,AVAILABLE
demo_connector,IndiGo,BOM,BLR,2026-08-29,2026-08-30,1,7570,AVAILABLE
demo_connector,SpiceJet,BOM,BLR,2026-08-29,2026-08-30,1,6958,AVAILABLE
demo_connector,Air India,BOM,BLR,2026-08-29,2026-08-30,1,7469,AVAILABLE
demo_connector,IndiGo,BOM,BLR,2026-08-29,2026-09-05,7,6849,AVAILABLE
demo_connector,Air India,BOM,BLR,2026-08-29,2026-09-05,7,7230,AVAILABLE
demo_connector,Akasa Air,BOM,BLR,2026-08-29,2026-09-05,7,6686,AVAILABLE
demo_connector,SpiceJet,BOM,BLR,2026-08-29,2026-09-05,7,6152,AVAILABLE
demo_connector,Akasa Air,BOM,BLR,2026-08-29,2026-09-13,15,6310,AVAILABLE
demo_connector,IndiGo,BOM,BLR,2026-08-29,2026-09-13,15,6527,AVAILABLE
demo_connector,Air India,BOM,BLR,2026-08-29,2026-09-28,30,4685,AVAILABLE
demo_connector,Akasa Air,BOM,BLR,2026-08-29,2026-09-28,30,4697,AVAILABLE
demo_connector,SpiceJet,BOM,BLR,2026-08-29,2026-09-28,30,5430,AVAILABLE
demo_connector,Akasa Air,BOM,BLR,2026-08-29,2026-10-13,45,3906,AVAILABLE
demo_connector,SpiceJet,BOM,BLR,2026-08-29,2026-10-13,45,4077,AVAILABLE
demo_connector,IndiGo,BOM,BLR,2026-08-29,2026-10-13,45,4691,AVAILABLE
demo_connector,Air India,BOM,BLR,2026-08-29,2026-10-13,45,3904,AVAILABLE
demo_connector,Air India,DEL,CCU,2026-08-29,2026-08-30,1,10495,AVAILABLE
demo_connector,Akasa Air,DEL,CCU,2026-08-29,2026-08-30,1,10153,AVAILABLE
demo_connector,IndiGo,DEL,CCU,2026-08-29,2026-08-30,1,8943,AVAILABLE
demo_connector,SpiceJet,DEL,CCU,2026-08-29,2026-08-30,1,8969,AVAILABLE
demo_connector,Air India,DEL,CCU,2026-08-29,2026-09-05,7,8922,AVAILABLE
demo_connector,SpiceJet,DEL,CCU,2026-08-29,2026-09-05,7,8949,AVAILABLE
demo_connector,Akasa Air,DEL,CCU,2026-08-29,2026-09-05,7,8880,AVAILABLE
demo_connector,Akasa Air,DEL,CCU,2026-08-29,2026-09-13,15,8822,AVAILABLE
demo_connector,SpiceJet,DEL,CCU,2026-08-29,2026-09-13,15,8607,AVAILABLE
demo_connector,Air India,DEL,CCU,2026-08-29,2026-09-13,15,8340,AVAILABLE
demo_connector,IndiGo,DEL,CCU,2026-08-29,2026-09-13,15,7792,AVAILABLE
demo_connector,Akasa Air,DEL,CCU,2026-08-29,2026-09-28,30,6987,AVAILABLE
demo_connector,Air India,DEL,CCU,2026-08-29,2026-09-28,30,6798,AVAILABLE
demo_connector,IndiGo,DEL,CCU,2026-08-29,2026-09-28,30,6601,AVAILABLE
demo_connector,IndiGo,DEL,CCU,2026-08-29,2026-10-13,45,5876,AVAILABLE
demo_connector,Akasa Air,DEL,CCU,2026-08-29,2026-10-13,45,5331,AVAILABLE
demo_connector,SpiceJet,DEL,CCU,2026-08-29,2026-10-13,45,5811,AVAILABLE
demo_connector,Air India,DEL,CCU,2026-08-29,2026-10-13,45,5367,AVAILABLE
demo_connector,Air India,BLR,HYD,2026-08-29,2026-08-30,1,6485,AVAILABLE
demo_connector,IndiGo,BLR,HYD,2026-08-29,2026-08-30,1,6365,AVAILABLE
demo_connector,Akasa Air,BLR,HYD,2026-08-29,2026-08-30,1,6584,AVAILABLE
demo_connector,IndiGo,BLR,HYD,2026-08-29,2026-09-05,7,5728,AVAILABLE
demo_connector,Air India,BLR,HYD,2026-08-29,2026-09-05,7,5590,AVAILABLE
demo_connector,SpiceJet,BLR,HYD,2026-08-29,2026-09-05,7,5425,AVAILABLE
demo_connector,Akasa Air,BLR,HYD,2026-08-29,2026-09-05,7,6218,AVAILABLE
demo_connector,SpiceJet,BLR,HYD,2026-08-29,2026-09-13,15,5534,AVAILABLE
demo_connector,Akasa Air,BLR,HYD,2026-08-29,2026-09-13,15,5809,AVAILABLE
demo_connector,Air India,BLR,HYD,2026-08-29,2026-09-13,15,5278,AVAILABLE
demo_connector,IndiGo,BLR,HYD,2026-08-29,2026-09-13,15,5056,AVAILABLE
demo_connector,Air India,BLR,HYD,2026-08-29,2026-09-28,30,4777,AVAILABLE
demo_connector,IndiGo,BLR,HYD,2026-08-29,2026-09-28,30,4721,AVAILABLE
demo_connector,Akasa Air,BLR,HYD,2026-08-29,2026-09-28,30,4332,AVAILABLE
demo_connector,SpiceJet,BLR,HYD,2026-08-29,2026-09-28,30,4776,AVAILABLE
demo_connector,Air India,BLR,HYD,2026-08-29,2026-10-13,45,3797,AVAILABLE
demo_connector,SpiceJet,BLR,HYD,2026-08-29,2026-10-13,45,3862,AVAILABLE
demo_connector,IndiGo,MAA,DEL,2026-08-29,2026-08-30,1,10469,AVAILABLE
demo_connector,Air India,MAA,DEL,2026-08-29,2026-08-30,1,11589,AVAILABLE
demo_connector,SpiceJet,MAA,DEL,2026-08-29,2026-08-30,1,11679,AVAILABLE
demo_connector,Akasa Air,MAA,DEL,2026-08-29,2026-08-30,1,12248,AVAILABLE
demo_connector,Air India,MAA,DEL,2026-08-29,2026-09-05,7,10642,AVAILABLE
demo_connector,Akasa Air,MAA,DEL,2026-08-29,2026-09-05,7,9753,AVAILABLE
demo_connector,SpiceJet,MAA,DEL,2026-08-29,2026-09-05,7,9902,AVAILABLE
demo_connector,IndiGo,MAA,DEL,2026-08-29,2026-09-05,7,11460,AVAILABLE
demo_connector,Akasa Air,MAA,DEL,2026-08-29,2026-09-13,15,9839,AVAILABLE
demo_connector,Air India,MAA,DEL,2026-08-29,2026-09-13,15,10762,AVAILABLE
demo_connector,SpiceJet,MAA,DEL,2026-08-29,2026-09-13,15,9936,AVAILABLE
demo_connector,SpiceJet,MAA,DEL,2026-08-29,2026-09-28,30,8029,AVAILABLE
demo_connector,Air India,MAA,DEL,2026-08-29,2026-09-28,30,8475,AVAILABLE
demo_connector,Akasa Air,MAA,DEL,2026-08-29,2026-09-28,30,9109,AVAILABLE
demo_connector,Air India,MAA,DEL,2026-08-29,2026-10-13,45,7116,AVAILABLE
demo_connector,IndiGo,MAA,DEL,2026-08-29,2026-10-13,45,7000,AVAILABLE
demo_connector,SpiceJet,MAA,DEL,2026-08-29,2026-10-13,45,6688,AVAILABLE
demo_connector,Akasa Air,MAA,DEL,2026-08-29,2026-10-13,45,6994,AVAILABLE
demo_connector,Akasa Air,DEL,BOM,2026-08-30,2026-08-31,1,9232,AVAILABLE
demo_connector,Air India,DEL,BOM,2026-08-30,2026-08-31,1,9151,AVAILABLE
demo_connector,Akasa Air,DEL,BOM,2026-08-30,2026-09-06,7,8631,AVAILABLE
demo_connector,Air India,DEL,BOM,2026-08-30,2026-09-06,7,7683,AVAILABLE
demo_connector,Air India,DEL,BOM,2026-08-30,2026-09-14,15,7916,AVAILABLE
demo_connector,Akasa Air,DEL,BOM,2026-08-30,2026-09-14,15,7391,AVAILABLE
demo_connector,IndiGo,DEL,BOM,2026-08-30,2026-09-14,15,7714,AVAILABLE
demo_connector,SpiceJet,DEL,BOM,2026-08-30,2026-09-14,15,7252,AVAILABLE
demo_connector,Air India,DEL,BOM,2026-08-30,2026-09-29,30,6147,AVAILABLE
demo_connector,SpiceJet,DEL,BOM,2026-08-30,2026-09-29,30,6933,AVAILABLE
demo_connector,Akasa Air,DEL,BOM,2026-08-30,2026-09-29,30,6480,AVAILABLE
demo_connector,IndiGo,DEL,BOM,2026-08-30,2026-10-14,45,5523,AVAILABLE
demo_connector,Akasa Air,DEL,BOM,2026-08-30,2026-10-14,45,5368,AVAILABLE
demo_connector,SpiceJet,DEL,BOM,2026-08-30,2026-10-14,45,5394,AVAILABLE
demo_connector,Air India,DEL,BOM,2026-08-30,2026-10-14,45,5362,AVAILABLE
demo_connector,IndiGo,DEL,BLR,2026-08-30,2026-08-31,1,9818,AVAILABLE
demo_connector,Akasa Air,DEL,BLR,2026-08-30,2026-08-31,1,10694,AVAILABLE
demo_connector,Akasa Air,DEL,BLR,2026-08-30,2026-09-06,7,9084,AVAILABLE
demo_connector,Air India,DEL,BLR,2026-08-30,2026-09-06,7,9731,AVAILABLE
demo_connector,SpiceJet,DEL,BLR,2026-08-30,2026-09-06,7,8901,AVAILABLE
demo_connector,IndiGo,DEL,BLR,2026-08-30,2026-09-06,7,9346,AVAILABLE
demo_connector,IndiGo,DEL,BLR,2026-08-30,2026-09-14,15,8954,AVAILABLE
demo_connector,Akasa Air,DEL,BLR,2026-08-30,2026-09-14,15,9435,AVAILABLE
demo_connector,Air India,DEL,BLR,2026-08-30,2026-09-14,15,9092,AVAILABLE
demo_connector,SpiceJet,DEL,BLR,2026-08-30,2026-09-14,15,8399,AVAILABLE
demo_connector,IndiGo,DEL,BLR,2026-08-30,2026-09-29,30,7189,AVAILABLE
demo_connector,Akasa Air,DEL,BLR,2026-08-30,2026-09-29,30,7990,AVAILABLE
demo_connector,SpiceJet,DEL,BLR,2026-08-30,2026-10-14,45,6397,AVAILABLE
demo_connector,Akasa Air,DEL,BLR,2026-08-30,2026-10-14,45,6010,AVAILABLE
demo_connector,IndiGo,BOM,BLR,2026-08-30,2026-08-31,1,7027,AVAILABLE
demo_connector,SpiceJet,BOM,BLR,2026-08-30,2026-08-31,1,6398,AVAILABLE
demo_connector,Akasa Air,BOM,BLR,2026-08-30,2026-08-31,1,6736,AVAILABLE
demo_connector,Air India,BOM,BLR,2026-08-30,2026-08-31,1,6308,AVAILABLE
demo_connector,Air India,BOM,BLR,2026-08-30,2026-09-06,7,6255,AVAILABLE
demo_connector,SpiceJet,BOM,BLR,2026-08-30,2026-09-06,7,6567,AVAILABLE
demo_connector,Air India,BOM,BLR,2026-08-30,2026-09-14,15,5514,AVAILABLE
demo_connector,Akasa Air,BOM,BLR,2026-08-30,2026-09-14,15,6275,AVAILABLE
demo_connector,IndiGo,BOM,BLR,2026-08-30,2026-09-29,30,5437,AVAILABLE
demo_connector,Air India,BOM,BLR,2026-08-30,2026-09-29,30,5164,AVAILABLE
demo_connector,Akasa Air,BOM,BLR,2026-08-30,2026-10-14,45,4389,AVAILABLE
demo_connector,SpiceJet,BOM,BLR,2026-08-30,2026-10-14,45,4551,AVAILABLE
demo_connector,IndiGo,BOM,BLR,2026-08-30,2026-10-14,45,4423,AVAILABLE
demo_connector,SpiceJet,DEL,CCU,2026-08-30,2026-08-31,1,8908,AVAILABLE
demo_connector,Air India,DEL,CCU,2026-08-30,2026-08-31,1,9159,AVAILABLE
demo_connector,Air India,DEL,CCU,2026-08-30,2026-09-06,7,8199,AVAILABLE
demo_connector,Akasa Air,DEL,CCU,2026-08-30,2026-09-06,7,8725,AVAILABLE
demo_connector,SpiceJet,DEL,CCU,2026-08-30,2026-09-06,7,9216,AVAILABLE
demo_connector,IndiGo,DEL,CCU,2026-08-30,2026-09-06,7,8693,AVAILABLE
demo_connector,Akasa Air,DEL,CCU,2026-08-30,2026-09-14,15,8134,AVAILABLE
demo_connector,Air India,DEL,CCU,2026-08-30,2026-09-14,15,9153,AVAILABLE
demo_connector,SpiceJet,DEL,CCU,2026-08-30,2026-09-14,15,7908,AVAILABLE
demo_connector,SpiceJet,DEL,CCU,2026-08-30,2026-09-29,30,7587,AVAILABLE
demo_connector,IndiGo,DEL,CCU,2026-08-30,2026-09-29,30,7798,AVAILABLE
demo_connector,Air India,DEL,CCU,2026-08-30,2026-10-14,45,6249,AVAILABLE
demo_connector,SpiceJet,DEL,CCU,2026-08-30,2026-10-14,45,6353,AVAILABLE
demo_connector,IndiGo,DEL,CCU,2026-08-30,2026-10-14,45,5790,AVAILABLE
demo_connector,Akasa Air,DEL,CCU,2026-08-30,2026-10-14,45,6221,AVAILABLE
demo_connector,Air India,BLR,HYD,2026-08-30,2026-08-31,1,5969,AVAILABLE
demo_connector,Akasa Air,BLR,HYD,2026-08-30,2026-08-31,1,6038,AVAILABLE
demo_connector,SpiceJet,BLR,HYD,2026-08-30,2026-08-31,1,6097,AVAILABLE
demo_connector,IndiGo,BLR,HYD,2026-08-30,2026-08-31,1,6045,AVAILABLE
demo_connector,IndiGo,BLR,HYD,2026-08-30,2026-09-06,7,5644,AVAILABLE
demo_connector,SpiceJet,BLR,HYD,2026-08-30,2026-09-06,7,5249,AVAILABLE
demo_connector,IndiGo,BLR,HYD,2026-08-30,2026-09-14,15,5572,AVAILABLE
demo_connector,SpiceJet,BLR,HYD,2026-08-30,2026-09-14,15,5828,AVAILABLE
demo_connector,Air India,BLR,HYD,2026-08-30,2026-09-29,30,4209,AVAILABLE
demo_connector,Akasa Air,BLR,HYD,2026-08-30,2026-09-29,30,4259,AVAILABLE
demo_connector,IndiGo,BLR,HYD,2026-08-30,2026-10-14,45,3725,AVAILABLE
demo_connector,Air India,BLR,HYD,2026-08-30,2026-10-14,45,4072,AVAILABLE
demo_connector,Akasa Air,BLR,HYD,2026-08-30,2026-10-14,45,3860,AVAILABLE
demo_connector,Air India,MAA,DEL,2026-08-30,2026-08-31,1,10698,AVAILABLE
demo_connector,Akasa Air,MAA,DEL,2026-08-30,2026-08-31,1,12150,AVAILABLE
demo_connector,IndiGo,MAA,DEL,2026-08-30,2026-08-31,1,11295,AVAILABLE
demo_connector,SpiceJet,MAA,DEL,2026-08-30,2026-08-31,1,11900,AVAILABLE
demo_connector,Air India,MAA,DEL,2026-08-30,2026-09-06,7,10943,AVAILABLE
demo_connector,Akasa Air,MAA,DEL,2026-08-30,2026-09-06,7,10127,AVAILABLE
demo_connector,IndiGo,MAA,DEL,2026-08-30,2026-09-06,7,10176,AVAILABLE
demo_connector,SpiceJet,MAA,DEL,2026-08-30,2026-09-14,15,9240,AVAILABLE
demo_connector,Akasa Air,MAA,DEL,2026-08-30,2026-09-14,15,9330,AVAILABLE
demo_connector,IndiGo,MAA,DEL,2026-08-30,2026-09-29,30,8187,AVAILABLE
demo_connector,Air India,MAA,DEL,2026-08-30,2026-09-29,30,8372,AVAILABLE
demo_connector,SpiceJet,MAA,DEL,2026-08-30,2026-09-29,30,7853,AVAILABLE
demo_connector,SpiceJet,MAA,DEL,2026-08-30,2026-10-14,45,6500,AVAILABLE
demo_connector,Akasa Air,MAA,DEL,2026-08-30,2026-10-14,45,6760,AVAILABLE
demo_connector,Air India,MAA,DEL,2026-08-30,2026-10-14,45,6432,AVAILABLE
demo_connector,Akasa Air,DEL,BOM,2026-08-31,2026-09-01,1,7875,AVAILABLE
demo_connector,IndiGo,DEL,BOM,2026-08-31,2026-09-01,1,8875,AVAILABLE
demo_connector,SpiceJet,DEL,BOM,2026-08-31,2026-09-01,1,9343,AVAILABLE
demo_connector,Air India,DEL,BOM,2026-08-31,2026-09-01,1,8127,AVAILABLE
demo_connector,SpiceJet,DEL,BOM,2026-08-31,2026-09-07,7,7725,AVAILABLE
demo_connector,Air India,DEL,BOM,2026-08-31,2026-09-07,7,8301,AVAILABLE
demo_connector,IndiGo,DEL,BOM,2026-08-31,2026-09-15,15,6927,AVAILABLE
demo_connector,SpiceJet,DEL,BOM,2026-08-31,2026-09-15,15,7075,AVAILABLE
demo_connector,IndiGo,DEL,BOM,2026-08-31,2026-09-30,30,6598,AVAILABLE
demo_connector,Air India,DEL,BOM,2026-08-31,2026-09-30,30,6617,AVAILABLE
demo_connector,Akasa Air,DEL,BOM,2026-08-31,2026-09-30,30,6811,AVAILABLE
demo_connector,SpiceJet,DEL,BOM,2026-08-31,2026-09-30,30,5902,AVAILABLE
demo_connector,SpiceJet,DEL,BOM,2026-08-31,2026-10-15,45,5655,AVAILABLE
demo_connector,IndiGo,DEL,BOM,2026-08-31,2026-10-15,45,5591,AVAILABLE
demo_connector,Akasa Air,DEL,BOM,2026-08-31,2026-10-15,45,5694,AVAILABLE
demo_connector,IndiGo,DEL,BLR,2026-08-31,2026-09-01,1,10873,AVAILABLE
demo_connector,SpiceJet,DEL,BLR,2026-08-31,2026-09-01,1,9982,AVAILABLE
demo_connector,Akasa Air,DEL,BLR,2026-08-31,2026-09-01,1,11127,AVAILABLE
demo_connector,IndiGo,DEL,BLR,2026-08-31,2026-09-07,7,9353,AVAILABLE
demo_connector,Akasa Air,DEL,BLR,2026-08-31,2026-09-07,7,10519,AVAILABLE
demo_connector,Air India,DEL,BLR,2026-08-31,2026-09-07,7,9007,AVAILABLE
demo_connector,SpiceJet,DEL,BLR,2026-08-31,2026-09-07,7,9959,AVAILABLE
demo_connector,IndiGo,DEL,BLR,2026-08-31,2026-09-15,15,9042,AVAILABLE
demo_connector,Air India,DEL,BLR,2026-08-31,2026-09-15,15,10031,AVAILABLE
demo_connector,SpiceJet,DEL,BLR,2026-08-31,2026-09-15,15,8658,AVAILABLE
demo_connector,Air India,DEL,BLR,2026-08-31,2026-09-30,30,7963,AVAILABLE
demo_connector,Akasa Air,DEL,BLR,2026-08-31,2026-09-30,30,8489,AVAILABLE
demo_connector,SpiceJet,DEL,BLR,2026-08-31,2026-10-15,45,6999,AVAILABLE
demo_connector,Air India,DEL,BLR,2026-08-31,2026-10-15,45,6516,AVAILABLE
demo_connector,Air India,BOM,BLR,2026-08-31,2026-09-01,1,7511,AVAILABLE
demo_connector,SpiceJet,BOM,BLR,2026-08-31,2026-09-01,1,6770,AVAILABLE
demo_connector,Akasa Air,BOM,BLR,2026-08-31,2026-09-01,1,6675,AVAILABLE
demo_connector,IndiGo,BOM,BLR,2026-08-31,2026-09-01,1,6432,AVAILABLE
demo_connector,SpiceJet,BOM,BLR,2026-08-31,2026-09-07,7,5937,AVAILABLE
demo_connector,IndiGo,BOM,BLR,2026-08-31,2026-09-07,7,6046,AVAILABLE
demo_connector,Akasa Air,BOM,BLR,2026-08-31,2026-09-07,7,7174,AVAILABLE
demo_connector,Akasa Air,BOM,BLR,2026-08-31,2026-09-15,15,5888,AVAILABLE
demo_connector,Air India,BOM,BLR,2026-08-31,2026-09-15,15,5862,AVAILABLE
demo_connector,SpiceJet,BOM,BLR,2026-08-31,2026-09-30,30,4735,AVAILABLE
demo_connector,Akasa Air,BOM,BLR,2026-08-31,2026-09-30,30,5191,AVAILABLE
demo_connector,Air India,BOM,BLR,2026-08-31,2026-09-30,30,5426,AVAILABLE
demo_connector,Air India,BOM,BLR,2026-08-31,2026-10-15,45,4024,AVAILABLE
demo_connector,Akasa Air,BOM,BLR,2026-08-31,2026-10-15,45,4465,AVAILABLE
demo_connector,SpiceJet,BOM,BLR,2026-08-31,2026-10-15,45,4130,AVAILABLE
demo_connector,Air India,DEL,CCU,2026-08-31,2026-09-01,1,9253,AVAILABLE
demo_connector,IndiGo,DEL,CCU,2026-08-31,2026-09-01,1,10047,AVAILABLE
demo_connector,SpiceJet,DEL,CCU,2026-08-31,2026-09-01,1,9950,AVAILABLE
demo_connector,SpiceJet,DEL,CCU,2026-08-31,2026-09-07,7,8928,AVAILABLE
demo_connector,Air India,DEL,CCU,2026-08-31,2026-09-07,7,9423,AVAILABLE
demo_connector,Air India,DEL,CCU,2026-08-31,2026-09-15,15,8299,AVAILABLE
demo_connector,IndiGo,DEL,CCU,2026-08-31,2026-09-15,15,7845,AVAILABLE
demo_connector,Akasa Air,DEL,CCU,2026-08-31,2026-09-15,15,7973,AVAILABLE
demo_connector,Akasa Air,DEL,CCU,2026-08-31,2026-09-30,30,7209,AVAILABLE
demo_connector,SpiceJet,DEL,CCU,2026-08-31,2026-09-30,30,6960,AVAILABLE
demo_connector,Air India,DEL,CCU,2026-08-31,2026-10-15,45,6329,AVAILABLE
demo_connector,SpiceJet,DEL,CCU,2026-08-31,2026-10-15,45,5543,AVAILABLE
demo_connector,SpiceJet,BLR,HYD,2026-08-31,2026-09-01,1,5664,AVAILABLE
demo_connector,Air India,BLR,HYD,2026-08-31,2026-09-01,1,5468,AVAILABLE
demo_connector,Akasa Air,BLR,HYD,2026-08-31,2026-09-01,1,6571,AVAILABLE
demo_connector,IndiGo,BLR,HYD,2026-08-31,2026-09-01,1,6575,AVAILABLE
demo_connector,IndiGo,BLR,HYD,2026-08-31,2026-09-07,7,5867,AVAILABLE
demo_connector,SpiceJet,BLR,HYD,2026-08-31,2026-09-07,7,6313,AVAILABLE
demo_connector,Akasa Air,BLR,HYD,2026-08-31,2026-09-07,7,6326,AVAILABLE
demo_connector,Air India,BLR,HYD,2026-08-31,2026-09-15,15,4942,AVAILABLE
demo_connector,Akasa Air,BLR,HYD,2026-08-31,2026-09-15,15,5200,AVAILABLE
demo_connector,IndiGo,BLR,HYD,2026-08-31,2026-09-15,15,5305,AVAILABLE
demo_connector,SpiceJet,BLR,HYD,2026-08-31,2026-09-30,30,4302,AVAILABLE
demo_connector,IndiGo,BLR,HYD,2026-08-31,2026-09-30,30,4461,AVAILABLE
demo_connector,Air India,BLR,HYD,2026-08-31,2026-09-30,30,4589,AVAILABLE
demo_connector,Akasa Air,BLR,HYD,2026-08-31,2026-09-30,30,4361,AVAILABLE
demo_connector,Air India,BLR,HYD,2026-08-31,2026-10-15,45,3659,AVAILABLE
demo_connector,IndiGo,BLR,HYD,2026-08-31,2026-10-15,45,3867,AVAILABLE
demo_connector,Akasa Air,BLR,HYD,2026-08-31,2026-10-15,45,4132,AVAILABLE
demo_connector,IndiGo,MAA,DEL,2026-08-31,2026-09-01,1,11687,AVAILABLE
demo_connector,Air India,MAA,DEL,2026-08-31,2026-09-01,1,10237,AVAILABLE
demo_connector,SpiceJet,MAA,DEL,2026-08-31,2026-09-01,1,10346,AVAILABLE
demo_connector,Air India,MAA,DEL,2026-08-31,2026-09-07,7,10710,AVAILABLE
demo_connector,SpiceJet,MAA,DEL,2026-08-31,2026-09-07,7,11665,AVAILABLE
demo_connector,Akasa Air,MAA,DEL,2026-08-31,2026-09-07,7,9727,AVAILABLE
demo_connector,IndiGo,MAA,DEL,2026-08-31,2026-09-07,7,10800,AVAILABLE
demo_connector,Air India,MAA,DEL,2026-08-31,2026-09-15,15,10365,AVAILABLE
demo_connector,SpiceJet,MAA,DEL,2026-08-31,2026-09-15,15,10161,AVAILABLE
demo_connector,IndiGo,MAA,DEL,2026-08-31,2026-09-15,15,9794,AVAILABLE
demo_connector,IndiGo,MAA,DEL,2026-08-31,2026-09-30,30,8069,AVAILABLE
demo_connector,Akasa Air,MAA,DEL,2026-08-31,2026-09-30,30,8744,AVAILABLE
demo_connector,SpiceJet,MAA,DEL,2026-08-31,2026-09-30,30,9260,AVAILABLE
demo_connector,Air India,MAA,DEL,2026-08-31,2026-09-30,30,9011,AVAILABLE
demo_connector,Air India,MAA,DEL,2026-08-31,2026-10-15,45,6426,AVAILABLE
demo_connector,Akasa Air,MAA,DEL,2026-08-31,2026-10-15,45,7196,AVAILABLE
demo_connector,SpiceJet,MAA,DEL,2026-08-31,2026-10-15,45,6433,AVAILABLE
demo_connector,IndiGo,MAA,DEL,2026-08-31,2026-10-15,45,7199,AVAILABLE
demo_connector,IndiGo,DEL,BOM,2026-09-01,2026-09-02,1,8248,AVAILABLE
demo_connector,Air India,DEL,BOM,2026-09-01,2026-09-02,1,7978,AVAILABLE
demo_connector,Akasa Air,DEL,BOM,2026-09-01,2026-09-02,1,8079,AVAILABLE
demo_connector,Air India,DEL,BOM,2026-09-01,2026-09-08,7,7542,AVAILABLE
demo_connector,SpiceJet,DEL,BOM,2026-09-01,2026-09-08,7,8711,AVAILABLE
demo_connector,Akasa Air,DEL,BOM,2026-09-01,2026-09-16,15,7299,AVAILABLE
demo_connector,SpiceJet,DEL,BOM,2026-09-01,2026-09-16,15,7542,AVAILABLE
demo_connector,Akasa Air,DEL,BOM,2026-09-01,2026-10-01,30,6851,AVAILABLE
demo_connector,Air India,DEL,BOM,2026-09-01,2026-10-01,30,6756,AVAILABLE
demo_connector,IndiGo,DEL,BOM,2026-09-01,2026-10-01,30,6053,AVAILABLE
demo_connector,SpiceJet,DEL,BOM,2026-09-01,2026-10-01,30,6920,AVAILABLE
demo_connector,Air India,DEL,BOM,2026-09-01,2026-10-16,45,5272,AVAILABLE
demo_connector,SpiceJet,DEL,BOM,2026-09-01,2026-10-16,45,5195,AVAILABLE
demo_connector,IndiGo,DEL,BLR,2026-09-01,2026-09-02,1,10610,AVAILABLE
demo_connector,Akasa Air,DEL,BLR,2026-09-01,2026-09-02,1,11303,AVAILABLE
demo_connector,SpiceJet,DEL,BLR,2026-09-01,2026-09-02,1,9649,AVAILABLE
demo_connector,Air India,DEL,BLR,2026-09-01,2026-09-02,1,10691,AVAILABLE
demo_connector,Akasa Air,DEL,BLR,2026-09-01,2026-09-08,7,9269,AVAILABLE
demo_connector,SpiceJet,DEL,BLR,2026-09-01,2026-09-08,7,10584,AVAILABLE
demo_connector,Akasa Air,DEL,BLR,2026-09-01,2026-09-16,15,8950,AVAILABLE
demo_connector,IndiGo,DEL,BLR,2026-09-01,2026-09-16,15,8694,AVAILABLE
demo_connector,Air India,DEL,BLR,2026-09-01,2026-09-16,15,8729,AVAILABLE
demo_connector,SpiceJet,DEL,BLR,2026-09-01,2026-09-16,15,8547,AVAILABLE
demo_connector,SpiceJet,DEL,BLR,2026-09-01,2026-10-01,30,7340,AVAILABLE
demo_connector,Akasa Air,DEL,BLR,2026-09-01,2026-10-01,30,8048,AVAILABLE
demo_connector,Air India,DEL,BLR,2026-09-01,2026-10-01,30,7589,AVAILABLE
demo_connector,SpiceJet,DEL,BLR,2026-09-01,2026-10-16,45,5948,AVAILABLE
demo_connector,IndiGo,DEL,BLR,2026-09-01,2026-10-16,45,6639,AVAILABLE
demo_connector,IndiGo,BOM,BLR,2026-09-01,2026-09-02,1,6903,AVAILABLE
demo_connector,SpiceJet,BOM,BLR,2026-09-01,2026-09-02,1,6690,AVAILABLE
demo_connector,Air India,BOM,BLR,2026-09-01,2026-09-02,1,7095,AVAILABLE
demo_connector,Air India,BOM,BLR,2026-09-01,2026-09-08,7,5938,AVAILABLE
demo_connector,SpiceJet,BOM,BLR,2026-09-01,2026-09-08,7,6462,AVAILABLE
demo_connector,IndiGo,BOM,BLR,2026-09-01,2026-09-08,7,6280,AVAILABLE
demo_connector,SpiceJet,BOM,BLR,2026-09-01,2026-09-16,15,6250,AVAILABLE
demo_connector,Akasa Air,BOM,BLR,2026-09-01,2026-09-16,15,5625,AVAILABLE
demo_connector,Akasa Air,BOM,BLR,2026-09-01,2026-10-01,30,5398,AVAILABLE
demo_connector,Air India,BOM,BLR,2026-09-01,2026-10-01,30,5119,AVAILABLE
demo_connector,IndiGo,BOM,BLR,2026-09-01,2026-10-01,30,4774,AVAILABLE
demo_connector,Air India,BOM,BLR,2026-09-01,2026-10-16,45,4505,AVAILABLE
demo_connector,IndiGo,BOM,BLR,2026-09-01,2026-10-16,45,4317,AVAILABLE
demo_connector,SpiceJet,BOM,BLR,2026-09-01,2026-10-16,45,4209,AVAILABLE
demo_connector,SpiceJet,DEL,CCU,2026-09-01,2026-09-02,1,10278,AVAILABLE
demo_connector,Air India,DEL,CCU,2026-09-01,2026-09-02,1,9135,AVAILABLE
demo_connector,IndiGo,DEL,CCU,2026-09-01,2026-09-02,1,8966,AVAILABLE
demo_connector,SpiceJet,DEL,CCU,2026-09-01,2026-09-08,7,9170,AVAILABLE
demo_connector,Air India,DEL,CCU,2026-09-01,2026-09-08,7,9661,AVAILABLE
demo_connector,IndiGo,DEL,CCU,2026-09-01,2026-09-08,7,9524,AVAILABLE
demo_connector,SpiceJet,DEL,CCU,2026-09-01,2026-09-16,15,7798,AVAILABLE
demo_connector,Akasa Air,DEL,CCU,2026-09-01,2026-09-16,15,8248,AVAILABLE
demo_connector,Air India,DEL,CCU,2026-09-01,2026-09-16,15,8974,AVAILABLE
demo_connector,IndiGo,DEL,CCU,2026-09-01,2026-10-01,30,6564,AVAILABLE
demo_connector,Air India,DEL,CCU,2026-09-01,2026-10-01,30,7841,AVAILABLE
demo_connector,SpiceJet,DEL,CCU,2026-09-01,2026-10-16,45,6349,AVAILABLE
demo_connector,Air India,DEL,CCU,2026-09-01,2026-10-16,45,6258,AVAILABLE
demo_connector,IndiGo,DEL,CCU,2026-09-01,2026-10-16,45,5665,AVAILABLE
demo_connector,Akasa Air,DEL,CCU,2026-09-01,2026-10-16,45,6136,AVAILABLE
demo_connector,Air India,BLR,HYD,2026-09-01,2026-09-02,1,5717,AVAILABLE
demo_connector,IndiGo,BLR,HYD,2026-09-01,2026-09-02,1,5933,AVAILABLE
demo_connector,Akasa Air,BLR,HYD,2026-09-01,2026-09-02,1,5503,AVAILABLE
demo_connector,SpiceJet,BLR,HYD,2026-09-01,2026-09-02,1,6677,AVAILABLE
demo_connector,Akasa Air,BLR,HYD,2026-09-01,2026-09-08,7,5834,AVAILABLE
demo_connector,SpiceJet,BLR,HYD,2026-09-01,2026-09-08,7,5822,AVAILABLE
demo_connector,IndiGo,BLR,HYD,2026-09-01,2026-09-08,7,6330,AVAILABLE
demo_connector,Air India,BLR,HYD,2026-09-01,2026-09-08,7,5345,AVAILABLE
demo_connector,IndiGo,BLR,HYD,2026-09-01,2026-09-16,15,5371,AVAILABLE
demo_connector,SpiceJet,BLR,HYD,2026-09-01,2026-09-16,15,5382,AVAILABLE
demo_connector,Akasa Air,BLR,HYD,2026-09-01,2026-09-16,15,5195,AVAILABLE
demo_connector,Akasa Air,BLR,HYD,2026-09-01,2026-10-01,30,4668,AVAILABLE
demo_connector,SpiceJet,BLR,HYD,2026-09-01,2026-10-01,30,4993,AVAILABLE
demo_connector,IndiGo,BLR,HYD,2026-09-01,2026-10-01,30,4156,AVAILABLE
demo_connector,Akasa Air,BLR,HYD,2026-09-01,2026-10-16,45,3660,AVAILABLE
demo_connector,SpiceJet,BLR,HYD,2026-09-01,2026-10-16,45,4087,AVAILABLE
demo_connector,IndiGo,MAA,DEL,2026-09-01,2026-09-02,1,11602,AVAILABLE
demo_connector,SpiceJet,MAA,DEL,2026-09-01,2026-09-02,1,11740,AVAILABLE
demo_connector,Air India,MAA,DEL,2026-09-01,2026-09-02,1,12226,AVAILABLE
demo_connector,Akasa Air,MAA,DEL,2026-09-01,2026-09-02,1,11465,AVAILABLE
demo_connector,IndiGo,MAA,DEL,2026-09-01,2026-09-08,7,10589,AVAILABLE
demo_connector,Air India,MAA,DEL,2026-09-01,2026-09-08,7,11556,AVAILABLE
demo_connector,SpiceJet,MAA,DEL,2026-09-01,2026-09-08,7,9812,AVAILABLE
demo_connector,SpiceJet,MAA,DEL,2026-09-01,2026-09-16,15,9988,AVAILABLE
demo_connector,IndiGo,MAA,DEL,2026-09-01,2026-09-16,15,10897,AVAILABLE
demo_connector,Akasa Air,MAA,DEL,2026-09-01,2026-09-16,15,10455,AVAILABLE
demo_connector,Air India,MAA,DEL,2026-09-01,2026-09-16,15,10810,AVAILABLE
demo_connector,Air India,MAA,DEL,2026-09-01,2026-10-01,30,8382,AVAILABLE
demo_connector,Akasa Air,MAA,DEL,2026-09-01,2026-10-01,30,8716,AVAILABLE
demo_connector,IndiGo,MAA,DEL,2026-09-01,2026-10-01,30,8040,AVAILABLE
demo_connector,Akasa Air,MAA,DEL,2026-09-01,2026-10-16,45,6814,AVAILABLE
demo_connector,IndiGo,MAA,DEL,2026-09-01,2026-10-16,45,6997,AVAILABLE
demo_connector,Air India,MAA,DEL,2026-09-01,2026-10-16,45,7237,AVAILABLE
demo_connector,SpiceJet,MAA,DEL,2026-09-01,2026-10-16,45,7452,AVAILABLE
demo_connector,IndiGo,DEL,BOM,2026-09-02,2026-09-03,1,9042,AVAILABLE
demo_connector,SpiceJet,DEL,BOM,2026-09-02,2026-09-03,1,9119,AVAILABLE
demo_connector,Air India,DEL,BOM,2026-09-02,2026-09-03,1,9536,AVAILABLE
demo_connector,Akasa Air,DEL,BOM,2026-09-02,2026-09-03,1,8507,AVAILABLE
demo_connector,IndiGo,DEL,BOM,2026-09-02,2026-09-09,7,8833,AVAILABLE
demo_connector,Air India,DEL,BOM,2026-09-02,2026-09-09,7,8135,AVAILABLE
demo_connector,SpiceJet,DEL,BOM,2026-09-02,2026-09-09,7,8302,AVAILABLE
demo_connector,Akasa Air,DEL,BOM,2026-09-02,2026-09-09,7,7666,AVAILABLE
demo_connector,IndiGo,DEL,BOM,2026-09-02,2026-09-17,15,7077,AVAILABLE
demo_connector,Air India,DEL,BOM,2026-09-02,2026-09-17,15,7354,AVAILABLE
demo_connector,SpiceJet,DEL,BOM,2026-09-02,2026-09-17,15,7912,AVAILABLE
demo_connector,Akasa Air,DEL,BOM,2026-09-02,2026-09-17,15,7356,AVAILABLE
demo_connector,SpiceJet,DEL,BOM,2026-09-02,2026-10-02,30,6560,AVAILABLE
demo_connector,Akasa Air,DEL,BOM,2026-09-02,2026-10-02,30,6674,AVAILABLE
demo_connector,IndiGo,DEL,BOM,2026-09-02,2026-10-02,30,7149,AVAILABLE
demo_connector,Air India,DEL,BOM,2026-09-02,2026-10-17,45,4985,AVAILABLE
demo_connector,Akasa Air,DEL,BOM,2026-09-02,2026-10-17,45,5086,AVAILABLE
demo_connector,IndiGo,DEL,BOM,2026-09-02,2026-10-17,45,5336,AVAILABLE
demo_connector,SpiceJet,DEL,BOM,2026-09-02,2026-10-17,45,5304,AVAILABLE
demo_connector,IndiGo,DEL,BLR,2026-09-02,2026-09-03,1,10622,AVAILABLE
demo_connector,Air India,DEL,BLR,2026-09-02,2026-09-03,1,9585,AVAILABLE
demo_connector,SpiceJet,DEL,BLR,2026-09-02,2026-09-03,1,10288,AVAILABLE
demo_connector,Air India,DEL,BLR,2026-09-02,2026-09-09,7,8987,AVAILABLE
demo_connector,Akasa Air,DEL,BLR,2026-09-02,2026-09-09,7,9065,AVAILABLE
demo_connector,SpiceJet,DEL,BLR,2026-09-02,2026-09-09,7,8982,AVAILABLE
demo_connector,IndiGo,DEL,BLR,2026-09-02,2026-09-09,7,10533,AVAILABLE
demo_connector,Air India,DEL,BLR,2026-09-02,2026-09-17,15,9783,AVAILABLE
demo_connector,SpiceJet,DEL,BLR,2026-09-02,2026-09-17,15,9429,AVAILABLE
demo_connector,Air India,DEL,BLR,2026-09-02,2026-10-02,30,8295,AVAILABLE
demo_connector,IndiGo,DEL,BLR,2026-09-02,2026-10-02,30,7914,AVAILABLE
demo_connector,Air India,DEL,BLR,2026-09-02,2026-10-17,45,6438,AVAILABLE
demo_connector,IndiGo,DEL,BLR,2026-09-02,2026-10-17,45,6385,AVAILABLE
demo_connector,Akasa Air,DEL,BLR,2026-09-02,2026-10-17,45,7003,AVAILABLE
demo_connector,SpiceJet,DEL,BLR,2026-09-02,2026-10-17,45,5809,AVAILABLE
demo_connector,SpiceJet,BOM,BLR,2026-09-02,2026-09-03,1,7298,AVAILABLE
demo_connector,Akasa Air,BOM,BLR,2026-09-02,2026-09-03,1,6370,AVAILABLE
demo_connector,Air India,BOM,BLR,2026-09-02,2026-09-03,1,6909,AVAILABLE
demo_connector,Air India,BOM,BLR,2026-09-02,2026-09-09,7,6380,AVAILABLE
demo_connector,IndiGo,BOM,BLR,2026-09-02,2026-09-09,7,7154,AVAILABLE
demo_connector,Akasa Air,BOM,BLR,2026-09-02,2026-09-09,7,6624,AVAILABLE
demo_connector,SpiceJet,BOM,BLR,2026-09-02,2026-09-09,7,6055,AVAILABLE
demo_connector,IndiGo,BOM,BLR,2026-09-02,2026-09-17,15,5995,AVAILABLE
demo_connector,SpiceJet,BOM,BLR,2026-09-02,2026-09-17,15,5936,AVAILABLE
demo_connector,Akasa Air,BOM,BLR,2026-09-02,2026-10-02,30,5302,AVAILABLE
demo_connector,Air India,BOM,BLR,2026-09-02,2026-10-02,30,5316,AVAILABLE
demo_connector,SpiceJet,BOM,BLR,2026-09-02,2026-10-02,30,5406,AVAILABLE
demo_connector,IndiGo,BOM,BLR,2026-09-02,2026-10-17,45,3978,AVAILABLE
demo_connector,Air India,BOM,BLR,2026-09-02,2026-10-17,45,4049,AVAILABLE
demo_connector,SpiceJet,BOM,BLR,2026-09-02,2026-10-17,45,4704,AVAILABLE
demo_connector,Akasa Air,BOM,BLR,2026-09-02,2026-10-17,45,4605,AVAILABLE
demo_connector,SpiceJet,DEL,CCU,2026-09-02,2026-09-03,1,9893,AVAILABLE
demo_connector,IndiGo,DEL,CCU,2026-09-02,2026-09-03,1,8685,AVAILABLE
demo_connector,Air India,DEL,CCU,2026-09-02,2026-09-03,1,9061,AVAILABLE
demo_connector,Akasa Air,DEL,CCU,2026-09-02,2026-09-03,1,8851,AVAILABLE
demo_connector,SpiceJet,DEL,CCU,2026-09-02,2026-09-09,7,8402,AVAILABLE
demo_connector,Akasa Air,DEL,CCU,2026-09-02,2026-09-09,7,8484,AVAILABLE
demo_connector,IndiGo,DEL,CCU,2026-09-02,2026-09-09,7,8146,AVAILABLE
demo_connector,Air India,DEL,CCU,2026-09-02,2026-09-09,7,8371,AVAILABLE
demo_connector,Akasa Air,DEL,CCU,2026-09-02,2026-09-17,15,8419,AVAILABLE
demo_connector,SpiceJet,DEL,CCU,2026-09-02,2026-09-17,15,9070,AVAILABLE
demo_connector,IndiGo,DEL,CCU,2026-09-02,2026-09-17,15,7624,AVAILABLE
demo_connector,Air India,DEL,CCU,2026-09-02,2026-09-17,15,7846,AVAILABLE
demo_connector,Akasa Air,DEL,CCU,2026-09-02,2026-10-02,30,7091,AVAILABLE
demo_connector,Air India,DEL,CCU,2026-09-02,2026-10-02,30,7146,AVAILABLE
demo_connector,IndiGo,DEL,CCU,2026-09-02,2026-10-02,30,7412,AVAILABLE
demo_connector,SpiceJet,DEL,CCU,2026-09-02,2026-10-02,30,7497,AVAILABLE
demo_connector,Akasa Air,DEL,CCU,2026-09-02,2026-10-17,45,6151,AVAILABLE
demo_connector,IndiGo,DEL,CCU,2026-09-02,2026-10-17,45,6351,AVAILABLE
demo_connector,Air India,DEL,CCU,2026-09-02,2026-10-17,45,6198,AVAILABLE
demo_connector,SpiceJet,DEL,CCU,2026-09-02,2026-10-17,45,5663,AVAILABLE
demo_connector,SpiceJet,BLR,HYD,2026-09-02,2026-09-03,1,5725,AVAILABLE
demo_connector,IndiGo,BLR,HYD,2026-09-02,2026-09-03,1,6162,AVAILABLE
demo_connector,Akasa Air,BLR,HYD,2026-09-02,2026-09-03,1,6475,AVAILABLE
demo_connector,Air India,BLR,HYD,2026-09-02,2026-09-03,1,5514,AVAILABLE
demo_connector,SpiceJet,BLR,HYD,2026-09-02,2026-09-09,7,5606,AVAILABLE
demo_connector,Akasa Air,BLR,HYD,2026-09-02,2026-09-09,7,5687,AVAILABLE
demo_connector,Akasa Air,BLR,HYD,2026-09-02,2026-09-17,15,4877,AVAILABLE
demo_connector,IndiGo,BLR,HYD,2026-09-02,2026-09-17,15,5678,AVAILABLE
demo_connector,Air India,BLR,HYD,2026-09-02,2026-09-17,15,5402,AVAILABLE
demo_connector,SpiceJet,BLR,HYD,2026-09-02,2026-09-17,15,4859,AVAILABLE
demo_connector,Air India,BLR,HYD,2026-09-02,2026-10-02,30,4612,AVAILABLE
demo_connector,Akasa Air,BLR,HYD,2026-09-02,2026-10-02,30,4428,AVAILABLE
demo_connector,IndiGo,BLR,HYD,2026-09-02,2026-10-02,30,4497,AVAILABLE
demo_connector,IndiGo,BLR,HYD,2026-09-02,2026-10-17,45,3429,AVAILABLE
demo_connector,Akasa Air,BLR,HYD,2026-09-02,2026-10-17,45,3588,AVAILABLE
demo_connector,Air India,BLR,HYD,2026-09-02,2026-10-17,45,4129,AVAILABLE
demo_connector,SpiceJet,BLR,HYD,2026-09-02,2026-10-17,45,3594,AVAILABLE
demo_connector,Akasa Air,MAA,DEL,2026-09-02,2026-09-03,1,11364,AVAILABLE
demo_connector,SpiceJet,MAA,DEL,2026-09-02,2026-09-03,1,12400,AVAILABLE
demo_connector,IndiGo,MAA,DEL,2026-09-02,2026-09-03,1,10696,AVAILABLE
demo_connector,SpiceJet,MAA,DEL,2026-09-02,2026-09-09,7,10356,AVAILABLE
demo_connector,Akasa Air,MAA,DEL,2026-09-02,2026-09-09,7,11149,AVAILABLE
demo_connector,IndiGo,MAA,DEL,2026-09-02,2026-09-09,7,11534,AVAILABLE
demo_connector,SpiceJet,MAA,DEL,2026-09-02,2026-09-17,15,10719,AVAILABLE
demo_connector,Akasa Air,MAA,DEL,2026-09-02,2026-09-17,15,9105,AVAILABLE
demo_connector,Air India,MAA,DEL,2026-09-02,2026-10-02,30,8041,AVAILABLE
demo_connector,IndiGo,MAA,DEL,2026-09-02,2026-10-02,30,8480,AVAILABLE
demo_connector,SpiceJet,MAA,DEL,2026-09-02,2026-10-02,30,8413,AVAILABLE
demo_connector,Akasa Air,MAA,DEL,2026-09-02,2026-10-02,30,8836,AVAILABLE
demo_connector,Air India,MAA,DEL,2026-09-02,2026-10-17,45,7596,AVAILABLE
demo_connector,Akasa Air,MAA,DEL,2026-09-02,2026-10-17,45,6569,AVAILABLE
demo_connector,SpiceJet,DEL,BOM,2026-09-03,2026-09-04,1,8735,AVAILABLE
demo_connector,Akasa Air,DEL,BOM,2026-09-03,2026-09-04,1,7942,AVAILABLE
demo_connector,IndiGo,DEL,BOM,2026-09-03,2026-09-04,1,8354,AVAILABLE
demo_connector,SpiceJet,DEL,BOM,2026-09-03,2026-09-10,7,8398,AVAILABLE
demo_connector,Akasa Air,DEL,BOM,2026-09-03,2026-09-10,7,7437,AVAILABLE
demo_connector,Air India,DEL,BOM,2026-09-03,2026-09-10,7,8437,AVAILABLE
demo_connector,IndiGo,DEL,BOM,2026-09-03,2026-09-18,15,8085,AVAILABLE
demo_connector,SpiceJet,DEL,BOM,2026-09-03,2026-09-18,15,7519,AVAILABLE
demo_connector,Akasa Air,DEL,BOM,2026-09-03,2026-09-18,15,7773,AVAILABLE
demo_connector,Air India,DEL,BOM,2026-09-03,2026-09-18,15,7569,AVAILABLE
demo_connector,Akasa Air,DEL,BOM,2026-09-03,2026-10-03,30,6575,AVAILABLE
demo_connector,IndiGo,DEL,BOM,2026-09-03,2026-10-03,30,5890,AVAILABLE
demo_connector,Air India,DEL,BOM,2026-09-03,2026-10-03,30,7042,AVAILABLE
demo_connector,SpiceJet,DEL,BOM,2026-09-03,2026-10-03,30,6597,AVAILABLE
demo_connector,Air India,DEL,BOM,2026-09-03,2026-10-18,45,5014,AVAILABLE
demo_connector,SpiceJet,DEL,BOM,2026-09-03,2026-10-18,45,5281,AVAILABLE
demo_connector,IndiGo,DEL,BOM,2026-09-03,2026-10-18,45,5576,AVAILABLE
demo_connector,Akasa Air,DEL,BLR,2026-09-03,2026-09-04,1,11194,AVAILABLE
demo_connector,SpiceJet,DEL,BLR,2026-09-03,2026-09-04,1,11228,AVAILABLE
demo_connector,IndiGo,DEL,BLR,2026-09-03,2026-09-04,1,9771,AVAILABLE
demo_connector,IndiGo,DEL,BLR,2026-09-03,2026-09-10,7,9945,AVAILABLE
demo_connector,Air India,DEL,BLR,2026-09-03,2026-09-10,7,10717,AVAILABLE
demo_connector,Akasa Air,DEL,BLR,2026-09-03,2026-09-18,15,10017,AVAILABLE
demo_connector,IndiGo,DEL,BLR,2026-09-03,2026-09-18,15,8272,AVAILABLE
demo_connector,Akasa Air,DEL,BLR,2026-09-03,2026-10-03,30,8031,AVAILABLE
demo_connector,Air India,DEL,BLR,2026-09-03,2026-10-03,30,8308,AVAILABLE
demo_connector,SpiceJet,DEL,BLR,2026-09-03,2026-10-18,45,6256,AVAILABLE
demo_connector,Akasa Air,DEL,BLR,2026-09-03,2026-10-18,45,6158,AVAILABLE
demo_connector,Air India,DEL,BLR,2026-09-03,2026-10-18,45,6179,AVAILABLE
demo_connector,Air India,BOM,BLR,2026-09-03,2026-09-04,1,7103,AVAILABLE
demo_connector,SpiceJet,BOM,BLR,2026-09-03,2026-09-04,1,6967,AVAILABLE
demo_connector,IndiGo,BOM,BLR,2026-09-03,2026-09-04,1,6485,AVAILABLE
demo_connector,Akasa Air,BOM,BLR,2026-09-03,2026-09-04,1,7234,AVAILABLE
demo_connector,IndiGo,BOM,BLR,2026-09-03,2026-09-10,7,6831,AVAILABLE
demo_connector,Air India,BOM,BLR,2026-09-03,2026-09-10,7,7123,AVAILABLE
demo_connector,SpiceJet,BOM,BLR,2026-09-03,2026-09-10,7,6336,AVAILABLE
demo_connector,Akasa Air,BOM,BLR,2026-09-03,2026-09-10,7,7010,AVAILABLE
demo_connector,Akasa Air,BOM,BLR,2026-09-03,2026-09-18,15,6186,AVAILABLE
demo_connector,SpiceJet,BOM,BLR,2026-09-03,2026-09-18,15,6431,AVAILABLE
demo_connector,Air India,BOM,BLR,2026-09-03,2026-09-18,15,6553,AVAILABLE
demo_connector,IndiGo,BOM,BLR,2026-09-03,2026-09-18,15,6631,AVAILABLE
demo_connector,Akasa Air,BOM,BLR,2026-09-03,2026-10-03,30,5514,AVAILABLE
demo_connector,IndiGo,BOM,BLR,2026-09-03,2026-10-03,30,5386,AVAILABLE
demo_connector,Air India,BOM,BLR,2026-09-03,2026-10-03,30,5157,AVAILABLE
demo_connector,SpiceJet,BOM,BLR,2026-09-03,2026-10-03,30,5148,AVAILABLE
demo_connector,Akasa Air,BOM,BLR,2026-09-03,2026-10-18,45,4189,AVAILABLE
demo_connector,IndiGo,BOM,BLR,2026-09-03,2026-10-18,45,4072,AVAILABLE
demo_connector,Air India,DEL,CCU,2026-09-03,2026-09-04,1,9091,AVAILABLE
demo_connector,SpiceJet,DEL,CCU,2026-09-03,2026-09-04,1,10340,AVAILABLE
demo_connector,IndiGo,DEL,CCU,2026-09-03,2026-09-04,1,9593,AVAILABLE
demo_connector,Akasa Air,DEL,CCU,2026-09-03,2026-09-10,7,9329,AVAILABLE
demo_connector,IndiGo,DEL,CCU,2026-09-03,2026-09-10,7,9354,AVAILABLE
demo_connector,Air India,DEL,CCU,2026-09-03,2026-09-10,7,9332,AVAILABLE
demo_connector,SpiceJet,DEL,CCU,2026-09-03,2026-09-10,7,8537,AVAILABLE
demo_connector,SpiceJet,DEL,CCU,2026-09-03,2026-09-18,15,8537,AVAILABLE
demo_connector,Akasa Air,DEL,CCU,2026-09-03,2026-09-18,15,8986,AVAILABLE
demo_connector,IndiGo,DEL,CCU,2026-09-03,2026-09-18,15,9198,AVAILABLE
demo_connector,SpiceJet,DEL,CCU,2026-09-03,2026-10-03,30,6524,AVAILABLE
demo_connector,Air India,DEL,CCU,2026-09-03,2026-10-03,30,7625,AVAILABLE
demo_connector,Akasa Air,DEL,CCU,2026-09-03,2026-10-03,30,6972,AVAILABLE
demo_connector,SpiceJet,DEL,CCU,2026-09-03,2026-10-18,45,5621,AVAILABLE
demo_connector,Air India,DEL,CCU,2026-09-03,2026-10-18,45,6430,AVAILABLE
demo_connector,IndiGo,BLR,HYD,2026-09-03,2026-09-04,1,5746,AVAILABLE
demo_connector,SpiceJet,BLR,HYD,2026-09-03,2026-09-04,1,6595,AVAILABLE
demo_connector,Air India,BLR,HYD,2026-09-03,2026-09-04,1,5487,AVAILABLE
demo_connector,Akasa Air,BLR,HYD,2026-09-03,2026-09-04,1,6281,AVAILABLE
demo_connector,Air India,BLR,HYD,2026-09-03,2026-09-10,7,5226,AVAILABLE
demo_connector,Akasa Air,BLR,HYD,2026-09-03,2026-09-10,7,5397,AVAILABLE
demo_connector,Akasa Air,BLR,HYD,2026-09-03,2026-09-18,15,5775,AVAILABLE
demo_connector,Air India,BLR,HYD,2026-09-03,2026-09-18,15,5179,AVAILABLE
demo_connector,SpiceJet,BLR,HYD,2026-09-03,2026-09-18,15,5603,AVAILABLE
demo_connector,IndiGo,BLR,HYD,2026-09-03,2026-09-18,15,4884,AVAILABLE
demo_connector,IndiGo,BLR,HYD,2026-09-03,2026-10-03,30,4805,AVAILABLE
demo_connector,Air India,BLR,HYD,2026-09-03,2026-10-03,30,4583,AVAILABLE
demo_connector,Akasa Air,BLR,HYD,2026-09-03,2026-10-03,30,4506,AVAILABLE
demo_connector,SpiceJet,BLR,HYD,2026-09-03,2026-10-03,30,4466,AVAILABLE
demo_connector,IndiGo,BLR,HYD,2026-09-03,2026-10-18,45,3823,AVAILABLE
demo_connector,SpiceJet,BLR,HYD,2026-09-03,2026-10-18,45,3932,AVAILABLE
demo_connector,Akasa Air,MAA,DEL,2026-09-03,2026-09-04,1,12127,AVAILABLE
demo_connector,SpiceJet,MAA,DEL,2026-09-03,2026-09-04,1,11682,AVAILABLE
demo_connector,SpiceJet,MAA,DEL,2026-09-03,2026-09-10,7,10857,AVAILABLE
demo_connector,Air India,MAA,DEL,2026-09-03,2026-09-10,7,11167,AVAILABLE
demo_connector,IndiGo,MAA,DEL,2026-09-03,2026-09-18,15,10211,AVAILABLE
demo_connector,Air India,MAA,DEL,2026-09-03,2026-09-18,15,9312,AVAILABLE
demo_connector,Akasa Air,MAA,DEL,2026-09-03,2026-09-18,15,10305,AVAILABLE
demo_connector,SpiceJet,MAA,DEL,2026-09-03,2026-10-03,30,9173,AVAILABLE
demo_connector,IndiGo,MAA,DEL,2026-09-03,2026-10-03,30,7608,AVAILABLE
demo_connector,Air India,MAA,DEL,2026-09-03,2026-10-18,45,6353,AVAILABLE
demo_connector,IndiGo,MAA,DEL,2026-09-03,2026-10-18,45,6648,AVAILABLE
demo_connector,SpiceJet,MAA,DEL,2026-09-03,2026-10-18,45,6544,AVAILABLE
demo_connector,IndiGo,DEL,BOM,2026-09-04,2026-09-05,1,9262,AVAILABLE
demo_connector,Air India,DEL,BOM,2026-09-04,2026-09-05,1,7819,AVAILABLE
demo_connector,Akasa Air,DEL,BOM,2026-09-04,2026-09-05,1,8441,AVAILABLE
demo_connector,Air India,DEL,BOM,2026-09-04,2026-09-11,7,8589,AVAILABLE
demo_connector,IndiGo,DEL,BOM,2026-09-04,2026-09-11,7,7442,AVAILABLE
demo_connector,Akasa Air,DEL,BOM,2026-09-04,2026-09-11,7,8505,AVAILABLE
demo_connector,SpiceJet,DEL,BOM,2026-09-04,2026-09-11,7,7949,AVAILABLE
demo_connector,Air India,DEL,BOM,2026-09-04,2026-09-19,15,8188,AVAILABLE
demo_connector,IndiGo,DEL,BOM,2026-09-04,2026-09-19,15,7176,AVAILABLE
demo_connector,Akasa Air,DEL,BOM,2026-09-04,2026-09-19,15,7073,AVAILABLE
demo_connector,Air India,DEL,BOM,2026-09-04,2026-10-04,30,6429,AVAILABLE
demo_connector,Akasa Air,DEL,BOM,2026-09-04,2026-10-04,30,6836,AVAILABLE
demo_connector,SpiceJet,DEL,BOM,2026-09-04,2026-10-19,45,5617,AVAILABLE
demo_connector,Air India,DEL,BOM,2026-09-04,2026-10-19,45,4871,AVAILABLE
demo_connector,IndiGo,DEL,BLR,2026-09-04,2026-09-05,1,9540,AVAILABLE
demo_connector,Akasa Air,DEL,BLR,2026-09-04,2026-09-05,1,10619,AVAILABLE
demo_connector,SpiceJet,DEL,BLR,2026-09-04,2026-09-05,1,9612,AVAILABLE
demo_connector,IndiGo,DEL,BLR,2026-09-04,2026-09-11,7,10688,AVAILABLE
demo_connector,SpiceJet,DEL,BLR,2026-09-04,2026-09-11,7,10625,AVAILABLE
demo_connector,Akasa Air,DEL,BLR,2026-09-04,2026-09-11,7,9155,AVAILABLE
demo_connector,Air India,DEL,BLR,2026-09-04,2026-09-11,7,10370,AVAILABLE
demo_connector,Air India,DEL,BLR,2026-09-04,2026-09-19,15,9899,AVAILABLE
demo_connector,Akasa Air,DEL,BLR,2026-09-04,2026-09-19,15,9724,AVAILABLE
demo_connector,IndiGo,DEL,BLR,2026-09-04,2026-10-04,30,8194,AVAILABLE
demo_connector,Akasa Air,DEL,BLR,2026-09-04,2026-10-04,30,7526,AVAILABLE
demo_connector,Air India,DEL,BLR,2026-09-04,2026-10-04,30,7383,AVAILABLE
demo_connector,Air India,DEL,BLR,2026-09-04,2026-10-19,45,6907,AVAILABLE
demo_connector,Akasa Air,DEL,BLR,2026-09-04,2026-10-19,45,6647,AVAILABLE
demo_connector,IndiGo,DEL,BLR,2026-09-04,2026-10-19,45,6956,AVAILABLE
demo_connector,SpiceJet,BOM,BLR,2026-09-04,2026-09-05,1,7081,AVAILABLE
demo_connector,Akasa Air,BOM,BLR,2026-09-04,2026-09-05,1,6862,AVAILABLE
demo_connector,Air India,BOM,BLR,2026-09-04,2026-09-05,1,6937,AVAILABLE
demo_connector,Akasa Air,BOM,BLR,2026-09-04,2026-09-11,7,6473,AVAILABLE
demo_connector,Air India,BOM,BLR,2026-09-04,2026-09-11,7,6643,AVAILABLE
demo_connector,IndiGo,BOM,BLR,2026-09-04,2026-09-11,7,6618,AVAILABLE
demo_connector,Akasa Air,BOM,BLR,2026-09-04,2026-09-19,15,6284,AVAILABLE
demo_connector,Air India,BOM,BLR,2026-09-04,2026-09-19,15,6173,AVAILABLE
demo_connector,IndiGo,BOM,BLR,2026-09-04,2026-09-19,15,6629,AVAILABLE
demo_connector,SpiceJet,BOM,BLR,2026-09-04,2026-09-19,15,5841,AVAILABLE
demo_connector,Akasa Air,BOM,BLR,2026-09-04,2026-10-04,30,4948,AVAILABLE
demo_connector,SpiceJet,BOM,BLR,2026-09-04,2026-10-04,30,5278,AVAILABLE
demo_connector,IndiGo,BOM,BLR,2026-09-04,2026-10-04,30,5701,AVAILABLE
demo_connector,Air India,BOM,BLR,2026-09-04,2026-10-19,45,3992,AVAILABLE
demo_connector,Akasa Air,BOM,BLR,2026-09-04,2026-10-19,45,4436,AVAILABLE
demo_connector,SpiceJet,BOM,BLR,2026-09-04,2026-10-19,45,3947,AVAILABLE
demo_connector,IndiGo,BOM,BLR,2026-09-04,2026-10-19,45,4172,AVAILABLE
demo_connector,Air India,DEL,CCU,2026-09-04,2026-09-05,1,9508,AVAILABLE
demo_connector,IndiGo,DEL,CCU,2026-09-04,2026-09-05,1,9631,AVAILABLE
demo_connector,Akasa Air,DEL,CCU,2026-09-04,2026-09-11,7,9397,AVAILABLE
demo_connector,Air India,DEL,CCU,2026-09-04,2026-09-11,7,9320,AVAILABLE
demo_connector,Air India,DEL,CCU,2026-09-04,2026-09-19,15,9109,AVAILABLE
demo_connector,SpiceJet,DEL,CCU,2026-09-04,2026-09-19,15,7602,AVAILABLE
demo_connector,Akasa Air,DEL,CCU,2026-09-04,2026-09-19,15,7636,AVAILABLE
demo_connector,IndiGo,DEL,CCU,2026-09-04,2026-10-04,30,7373,AVAILABLE
demo_connector,Akasa Air,DEL,CCU,2026-09-04,2026-10-04,30,7376,AVAILABLE
demo_connector,Akasa Air,DEL,CCU,2026-09-04,2026-10-19,45,6235,AVAILABLE
demo_connector,IndiGo,DEL,CCU,2026-09-04,2026-10-19,45,5867,AVAILABLE
demo_connector,SpiceJet,DEL,CCU,2026-09-04,2026-10-19,45,5411,AVAILABLE
demo_connector,Air India,BLR,HYD,2026-09-04,2026-09-05,1,6117,AVAILABLE
demo_connector,SpiceJet,BLR,HYD,2026-09-04,2026-09-05,1,6251,AVAILABLE
demo_connector,IndiGo,BLR,HYD,2026-09-04,2026-09-05,1,6475,AVAILABLE
demo_connector,Akasa Air,BLR,HYD,2026-09-04,2026-09-05,1,6637,AVAILABLE
demo_connector,IndiGo,BLR,HYD,2026-09-04,2026-09-11,7,5211,AVAILABLE
demo_connector,SpiceJet,BLR,HYD,2026-09-04,2026-09-11,7,5282,AVAILABLE
demo_connector,Air India,BLR,HYD,2026-09-04,2026-09-11,7,5790,AVAILABLE
demo_connector,Akasa Air,BLR,HYD,2026-09-04,2026-09-11,7,5763,AVAILABLE
demo_connector,Akasa Air,BLR,HYD,2026-09-04,2026-09-19,15,4983,AVAILABLE
demo_connector,Air India,BLR,HYD,2026-09-04,2026-09-19,15,5064,AVAILABLE
demo_connector,Akasa Air,BLR,HYD,2026-09-04,2026-10-04,30,4544,AVAILABLE
demo_connector,Air India,BLR,HYD,2026-09-04,2026-10-04,30,4894,AVAILABLE
demo_connector,IndiGo,BLR,HYD,2026-09-04,2026-10-04,30,4332,AVAILABLE
demo_connector,IndiGo,BLR,HYD,2026-09-04,2026-10-19,45,3414,AVAILABLE
demo_connector,SpiceJet,BLR,HYD,2026-09-04,2026-10-19,45,3410,AVAILABLE
demo_connector,Akasa Air,BLR,HYD,2026-09-04,2026-10-19,45,3814,AVAILABLE
demo_connector,Air India,BLR,HYD,2026-09-04,2026-10-19,45,3934,AVAILABLE
demo_connector,SpiceJet,MAA,DEL,2026-09-04,2026-09-05,1,11634,AVAILABLE
demo_connector,Akasa Air,MAA,DEL,2026-09-04,2026-09-05,1,11952,AVAILABLE
demo_connector,IndiGo,MAA,DEL,2026-09-04,2026-09-05,1,10910,AVAILABLE
demo_connector,SpiceJet,MAA,DEL,2026-09-04,2026-09-11,7,11445,AVAILABLE
demo_connector,Air India,MAA,DEL,2026-09-04,2026-09-11,7,10929,AVAILABLE
demo_connector,Akasa Air,MAA,DEL,2026-09-04,2026-09-19,15,10347,AVAILABLE
demo_connector,Air India,MAA,DEL,2026-09-04,2026-09-19,15,10144,AVAILABLE
demo_connector,IndiGo,MAA,DEL,2026-09-04,2026-09-19,15,9627,AVAILABLE
demo_connector,SpiceJet,MAA,DEL,2026-09-04,2026-09-19,15,9790,AVAILABLE
demo_connector,Air India,MAA,DEL,2026-09-04,2026-10-04,30,9204,AVAILABLE
demo_connector,IndiGo,MAA,DEL,2026-09-04,2026-10-04,30,9269,AVAILABLE
demo_connector,Akasa Air,MAA,DEL,2026-09-04,2026-10-04,30,8065,AVAILABLE
demo_connector,SpiceJet,MAA,DEL,2026-09-04,2026-10-04,30,9129,AVAILABLE
demo_connector,SpiceJet,MAA,DEL,2026-09-04,2026-10-19,45,6547,AVAILABLE
demo_connector,IndiGo,MAA,DEL,2026-09-04,2026-10-19,45,7083,AVAILABLE
demo_connector,Air India,MAA,DEL,2026-09-04,2026-10-19,45,6822,AVAILABLE
demo_connector,Akasa Air,MAA,DEL,2026-09-04,2026-10-19,45,7423,AVAILABLE
demo_connector,IndiGo,DEL,BOM,2026-09-05,2026-09-06,1,9454,AVAILABLE
demo_connector,SpiceJet,DEL,BOM,2026-09-05,2026-09-06,1,8717,AVAILABLE
demo_connector,Akasa Air,DEL,BOM,2026-09-05,2026-09-06,1,8013,AVAILABLE
demo_connector,IndiGo,DEL,BOM,2026-09-05,2026-09-12,7,8250,AVAILABLE
demo_connector,SpiceJet,DEL,BOM,2026-09-05,2026-09-12,7,8063,AVAILABLE
demo_connector,Air India,DEL,BOM,2026-09-05,2026-09-12,7,8515,AVAILABLE
demo_connector,Akasa Air,DEL,BOM,2026-09-05,2026-09-12,7,7753,AVAILABLE
demo_connector,IndiGo,DEL,BOM,2026-09-05,2026-09-20,15,7902,AVAILABLE
demo_connector,SpiceJet,DEL,BOM,2026-09-05,2026-09-20,15,7557,AVAILABLE
demo_connector,Air India,DEL,BOM,2026-09-05,2026-09-20,15,8151,AVAILABLE
demo_connector,Akasa Air,DEL,BOM,2026-09-05,2026-09-20,15,7873,AVAILABLE
demo_connector,Akasa Air,DEL,BOM,2026-09-05,2026-10-05,30,6275,AVAILABLE
demo_connector,IndiGo,DEL,BOM,2026-09-05,2026-10-05,30,6465,AVAILABLE
demo_connector,SpiceJet,DEL,BOM,2026-09-05,2026-10-05,30,7078,AVAILABLE
demo_connector,Air India,DEL,BOM,2026-09-05,2026-10-05,30,6510,AVAILABLE
demo_connector,Air India,DEL,BOM,2026-09-05,2026-10-20,45,5364,AVAILABLE
demo_connector,IndiGo,DEL,BOM,2026-09-05,2026-10-20,45,5076,AVAILABLE
demo_connector,SpiceJet,DEL,BOM,2026-09-05,2026-10-20,45,4960,AVAILABLE
demo_connector,IndiGo,DEL,BLR,2026-09-05,2026-09-06,1,11237,AVAILABLE
demo_connector,Akasa Air,DEL,BLR,2026-09-05,2026-09-06,1,10715,AVAILABLE
demo_connector,SpiceJet,DEL,BLR,2026-09-05,2026-09-06,1,10839,AVAILABLE
demo_connector,Air India,DEL,BLR,2026-09-05,2026-09-06,1,9483,AVAILABLE
demo_connector,IndiGo,DEL,BLR,2026-09-05,2026-09-12,7,10707,AVAILABLE
demo_connector,Air India,DEL,BLR,2026-09-05,2026-09-12,7,9150,AVAILABLE
demo_connector,SpiceJet,DEL,BLR,2026-09-05,2026-09-12,7,9772,AVAILABLE
demo_connector,Akasa Air,DEL,BLR,2026-09-05,2026-09-12,7,10109,AVAILABLE
demo_connector,SpiceJet,DEL,BLR,2026-09-05,2026-09-20,15,9211,AVAILABLE
demo_connector,IndiGo,DEL,BLR,2026-09-05,2026-09-20,15,10030,AVAILABLE
demo_connector,SpiceJet,DEL,BLR,2026-09-05,2026-10-05,30,7889,AVAILABLE
demo_connector,Air India,DEL,BLR,2026-09-05,2026-10-05,30,7464,AVAILABLE
demo_connector,IndiGo,DEL,BLR,2026-09-05,2026-10-05,30,7278,AVAILABLE
demo_connector,Air India,DEL,BLR,2026-09-05,2026-10-20,45,6906,AVAILABLE
demo_connector,IndiGo,DEL,BLR,2026-09-05,2026-10-20,45,5911,AVAILABLE
demo_connector,SpiceJet,DEL,BLR,2026-09-05,2026-10-20,45,6103,AVAILABLE
demo_connector,Akasa Air,BOM,BLR,2026-09-05,2026-09-06,1,7518,AVAILABLE
demo_connector,IndiGo,BOM,BLR,2026-09-05,2026-09-06,1,7041,AVAILABLE
demo_connector,SpiceJet,BOM,BLR,2026-09-05,2026-09-06,1,6250,AVAILABLE
demo_connector,Air India,BOM,BLR,2026-09-05,2026-09-06,1,6450,AVAILABLE
demo_connector,Air India,BOM,BLR,2026-09-05,2026-09-12,7,6246,AVAILABLE
demo_connector,IndiGo,BOM,BLR,2026-09-05,2026-09-12,7,6199,AVAILABLE
demo_connector,SpiceJet,BOM,BLR,2026-09-05,2026-09-12,7,7055,AVAILABLE
demo_connector,Akasa Air,BOM,BLR,2026-09-05,2026-09-12,7,6819,AVAILABLE
demo_connector,Air India,BOM,BLR,2026-09-05,2026-09-20,15,6301,AVAILABLE
demo_connector,Akasa Air,BOM,BLR,2026-09-05,2026-09-20,15,5905,AVAILABLE
demo_connector,IndiGo,BOM,BLR,2026-09-05,2026-10-05,30,5043,AVAILABLE
demo_connector,Air India,BOM,BLR,2026-09-05,2026-10-05,30,5167,AVAILABLE
demo_connector,Akasa Air,BOM,BLR,2026-09-05,2026-10-05,30,5231,AVAILABLE
demo_connector,SpiceJet,BOM,BLR,2026-09-05,2026-10-05,30,5718,AVAILABLE
demo_connector,IndiGo,BOM,BLR,2026-09-05,2026-10-20,45,4050,AVAILABLE
demo_connector,SpiceJet,BOM,BLR,2026-09-05,2026-10-20,45,4174,AVAILABLE
demo_connector,Akasa Air,BOM,BLR,2026-09-05,2026-10-20,45,4548,AVAILABLE
demo_connector,Akasa Air,DEL,CCU,2026-09-05,2026-09-06,1,8981,AVAILABLE
demo_connector,SpiceJet,DEL,CCU,2026-09-05,2026-09-06,1,8706,AVAILABLE
demo_connector,Air India,DEL,CCU,2026-09-05,2026-09-06,1,9919,AVAILABLE
demo_connector,IndiGo,DEL,CCU,2026-09-05,2026-09-12,7,9588,AVAILABLE
demo_connector,Akasa Air,DEL,CCU,2026-09-05,2026-09-12,7,8965,AVAILABLE
demo_connector,Air India,DEL,CCU,2026-09-05,2026-09-12,7,9067,AVAILABLE
demo_connector,SpiceJet,DEL,CCU,2026-09-05,2026-09-12,7,9742,AVAILABLE
demo_connector,IndiGo,DEL,CCU,2026-09-05,2026-09-20,15,7639,AVAILABLE
demo_connector,Air India,DEL,CCU,2026-09-05,2026-09-20,15,8887,AVAILABLE
demo_connector,SpiceJet,DEL,CCU,2026-09-05,2026-09-20,15,9089,AVAILABLE
demo_connector,Akasa Air,DEL,CCU,2026-09-05,2026-10-05,30,6864,AVAILABLE
demo_connector,Air India,DEL,CCU,2026-09-05,2026-10-05,30,7457,AVAILABLE
demo_connector,SpiceJet,DEL,CCU,2026-09-05,2026-10-20,45,6370,AVAILABLE
demo_connector,IndiGo,DEL,CCU,2026-09-05,2026-10-20,45,6269,AVAILABLE
demo_connector,IndiGo,BLR,HYD,2026-09-05,2026-09-06,1,5618,AVAILABLE
demo_connector,Akasa Air,BLR,HYD,2026-09-05,2026-09-06,1,6573,AVAILABLE
demo_connector,Air India,BLR,HYD,2026-09-05,2026-09-06,1,6654,AVAILABLE
demo_connector,SpiceJet,BLR,HYD,2026-09-05,2026-09-06,1,6358,AVAILABLE
demo_connector,SpiceJet,BLR,HYD,2026-09-05,2026-09-12,7,5627,AVAILABLE
demo_connector,Akasa Air,BLR,HYD,2026-09-05,2026-09-12,7,5425,AVAILABLE
demo_connector,Air India,BLR,HYD,2026-09-05,2026-09-12,7,5992,AVAILABLE
demo_connector,IndiGo,BLR,HYD,2026-09-05,2026-09-12,7,5657,AVAILABLE
demo_connector,Air India,BLR,HYD,2026-09-05,2026-09-20,15,5751,AVAILABLE
demo_connector,Akasa Air,BLR,HYD,2026-09-05,2026-09-20,15,4877,AVAILABLE
demo_connector,Air India,BLR,HYD,2026-09-05,2026-10-05,30,4323,AVAILABLE
demo_connector,SpiceJet,BLR,HYD,2026-09-05,2026-10-05,30,4233,AVAILABLE
demo_connector,Akasa Air,BLR,HYD,2026-09-05,2026-10-05,30,4602,AVAILABLE
demo_connector,Akasa Air,BLR,HYD,2026-09-05,2026-10-20,45,4029,AVAILABLE
demo_connector,Air India,BLR,HYD,2026-09-05,2026-10-20,45,3644,AVAILABLE
demo_connector,IndiGo,BLR,HYD,2026-09-05,2026-10-20,45,3751,AVAILABLE
demo_connector,SpiceJet,BLR,HYD,2026-09-05,2026-10-20,45,3881,AVAILABLE
demo_connector,Akasa Air,MAA,DEL,2026-09-05,2026-09-06,1,10884,AVAILABLE
demo_connector,Air India,MAA,DEL,2026-09-05,2026-09-06,1,10298,AVAILABLE
demo_connector,SpiceJet,MAA,DEL,2026-09-05,2026-09-12,7,10059,AVAILABLE
demo_connector,Akasa Air,MAA,DEL,2026-09-05,2026-09-12,7,11289,AVAILABLE
demo_connector,IndiGo,MAA,DEL,2026-09-05,2026-09-12,7,11185,AVAILABLE
demo_connector,Air India,MAA,DEL,2026-09-05,2026-09-12,7,11454,AVAILABLE
demo_connector,Akasa Air,MAA,DEL,2026-09-05,2026-09-20,15,10660,AVAILABLE
demo_connector,Air India,MAA,DEL,2026-09-05,2026-09-20,15,10457,AVAILABLE
demo_connector,SpiceJet,MAA,DEL,2026-09-05,2026-09-20,15,10857,AVAILABLE
demo_connector,Akasa Air,MAA,DEL,2026-09-05,2026-10-05,30,9125,AVAILABLE
demo_connector,IndiGo,MAA,DEL,2026-09-05,2026-10-05,30,8125,AVAILABLE
demo_connector,SpiceJet,MAA,DEL,2026-09-05,2026-10-05,30,7615,AVAILABLE
demo_connector,Akasa Air,MAA,DEL,2026-09-05,2026-10-20,45,6572,AVAILABLE
demo_connector,Air India,MAA,DEL,2026-09-05,2026-10-20,45,6522,AVAILABLE
demo_connector,SpiceJet,MAA,DEL,2026-09-05,2026-10-20,45,6386,AVAILABLE
demo_connector,IndiGo,MAA,DEL,2026-09-05,2026-10-20,45,7180,AVAILABLE
demo_connector,SpiceJet,DEL,BOM,2026-09-06,2026-09-07,1,7929,AVAILABLE
demo_connector,Air India,DEL,BOM,2026-09-06,2026-09-07,1,8791,AVAILABLE
demo_connector,Akasa Air,DEL,BOM,2026-09-06,2026-09-07,1,8661,AVAILABLE
demo_connector,SpiceJet,DEL,BOM,2026-09-06,2026-09-13,7,7777,AVAILABLE
demo_connector,Akasa Air,DEL,BOM,2026-09-06,2026-09-13,7,8027,AVAILABLE
demo_connector,Akasa Air,DEL,BOM,2026-09-06,2026-09-21,15,6980,AVAILABLE
demo_connector,IndiGo,DEL,BOM,2026-09-06,2026-09-21,15,7462,AVAILABLE
demo_connector,SpiceJet,DEL,BOM,2026-09-06,2026-10-06,30,6696,AVAILABLE
demo_connector,Air India,DEL,BOM,2026-09-06,2026-10-06,30,6375,AVAILABLE
demo_connector,Akasa Air,DEL,BOM,2026-09-06,2026-10-06,30,6279,AVAILABLE
demo_connector,IndiGo,DEL,BOM,2026-09-06,2026-10-21,45,5320,AVAILABLE
demo_connector,Akasa Air,DEL,BOM,2026-09-06,2026-10-21,45,5835,AVAILABLE
demo_connector,Air India,DEL,BOM,2026-09-06,2026-10-21,45,5570,AVAILABLE
demo_connector,SpiceJet,DEL,BOM,2026-09-06,2026-10-21,45,5204,AVAILABLE
demo_connector,IndiGo,DEL,BLR,2026-09-06,2026-09-07,1,11078,AVAILABLE
demo_connector,SpiceJet,DEL,BLR,2026-09-06,2026-09-07,1,9920,AVAILABLE
demo_connector,Akasa Air,DEL,BLR,2026-09-06,2026-09-07,1,10893,AVAILABLE
demo_connector,Akasa Air,DEL,BLR,2026-09-06,2026-09-13,7,10511,AVAILABLE
demo_connector,Air India,DEL,BLR,2026-09-06,2026-09-13,7,9888,AVAILABLE
demo_connector,SpiceJet,DEL,BLR,2026-09-06,2026-09-13,7,9441,AVAILABLE
demo_connector,IndiGo,DEL,BLR,2026-09-06,2026-09-13,7,10038,AVAILABLE
demo_connector,Air India,DEL,BLR,2026-09-06,2026-09-21,15,9507,AVAILABLE
demo_connector,Akasa Air,DEL,BLR,2026-09-06,2026-09-21,15,9877,AVAILABLE
demo_connector,SpiceJet,DEL,BLR,2026-09-06,2026-09-21,15,9189,AVAILABLE
demo_connector,Air India,DEL,BLR,2026-09-06,2026-10-06,30,7310,AVAILABLE
demo_connector,IndiGo,DEL,BLR,2026-09-06,2026-10-06,30,7789,AVAILABLE
demo_connector,IndiGo,DEL,BLR,2026-09-06,2026-10-21,45,6043,AVAILABLE
demo_connector,Air India,DEL,BLR,2026-09-06,2026-10-21,45,5900,AVAILABLE
demo_connector,Air India,BOM,BLR,2026-09-06,2026-09-07,1,7128,AVAILABLE
demo_connector,IndiGo,BOM,BLR,2026-09-06,2026-09-07,1,6284,AVAILABLE
demo_connector,Akasa Air,BOM,BLR,2026-09-06,2026-09-07,1,6622,AVAILABLE
demo_connector,SpiceJet,BOM,BLR,2026-09-06,2026-09-07,1,7260,AVAILABLE
demo_connector,IndiGo,BOM,BLR,2026-09-06,2026-09-13,7,6015,AVAILABLE
demo_connector,Akasa Air,BOM,BLR,2026-09-06,2026-09-13,7,7012,AVAILABLE
demo_connector,IndiGo,BOM,BLR,2026-09-06,2026-09-21,15,6291,AVAILABLE
demo_connector,SpiceJet,BOM,BLR,2026-09-06,2026-09-21,15,6008,AVAILABLE
demo_connector,Air India,BOM,BLR,2026-09-06,2026-09-21,15,6284,AVAILABLE
demo_connector,SpiceJet,BOM,BLR,2026-09-06,2026-10-06,30,5253,AVAILABLE
demo_connector,Akasa Air,BOM,BLR,2026-09-06,2026-10-06,30,5657,AVAILABLE
demo_connector,SpiceJet,BOM,BLR,2026-09-06,2026-10-21,45,4461,AVAILABLE
demo_connector,Air India,BOM,BLR,2026-09-06,2026-10-21,45,4713,AVAILABLE
demo_connector,Akasa Air,DEL,CCU,2026-09-06,2026-09-07,1,10202,AVAILABLE
demo_connector,IndiGo,DEL,CCU,2026-09-06,2026-09-07,1,9452,AVAILABLE
demo_connector,Air India,DEL,CCU,2026-09-06,2026-09-07,1,9746,AVAILABLE
demo_connector,SpiceJet,DEL,CCU,2026-09-06,2026-09-07,1,10462,AVAILABLE
demo_connector,Air India,DEL,CCU,2026-09-06,2026-09-13,7,8551,AVAILABLE
demo_connector,SpiceJet,DEL,CCU,2026-09-06,2026-09-13,7,8547,AVAILABLE
demo_connector,IndiGo,DEL,CCU,2026-09-06,2026-09-13,7,9486,AVAILABLE
demo_connector,Akasa Air,DEL,CCU,2026-09-06,2026-09-13,7,9058,AVAILABLE
demo_connector,IndiGo,DEL,CCU,2026-09-06,2026-09-21,15,8085,AVAILABLE
demo_connector,Akasa Air,DEL,CCU,2026-09-06,2026-09-21,15,7986,AVAILABLE
demo_connector,SpiceJet,DEL,CCU,2026-09-06,2026-09-21,15,8574,AVAILABLE
demo_connector,Air India,DEL,CCU,2026-09-06,2026-09-21,15,8117,AVAILABLE
demo_connector,SpiceJet,DEL,CCU,2026-09-06,2026-10-06,30,7457,AVAILABLE
demo_connector,Air India,DEL,CCU,2026-09-06,2026-10-06,30,7782,AVAILABLE
demo_connector,Akasa Air,DEL,CCU,2026-09-06,2026-10-06,30,6788,AVAILABLE
demo_connector,IndiGo,DEL,CCU,2026-09-06,2026-10-06,30,6673,AVAILABLE
demo_connector,SpiceJet,DEL,CCU,2026-09-06,2026-10-21,45,6208,AVAILABLE
demo_connector,IndiGo,DEL,CCU,2026-09-06,2026-10-21,45,5601,AVAILABLE
demo_connector,Akasa Air,BLR,HYD,2026-09-06,2026-09-07,1,6545,AVAILABLE
demo_connector,Air India,BLR,HYD,2026-09-06,2026-09-07,1,6147,AVAILABLE
demo_connector,Air India,BLR,HYD,2026-09-06,2026-09-13,7,5253,AVAILABLE
demo_connector,Akasa Air,BLR,HYD,2026-09-06,2026-09-13,7,5256,AVAILABLE
demo_connector,IndiGo,BLR,HYD,2026-09-06,2026-09-13,7,5730,AVAILABLE
demo_connector,SpiceJet,BLR,HYD,2026-09-06,2026-09-13,7,5839,AVAILABLE
demo_connector,IndiGo,BLR,HYD,2026-09-06,2026-09-21,15,5256,AVAILABLE
demo_connector,Air India,BLR,HYD,2026-09-06,2026-09-21,15,4985,AVAILABLE
demo_connector,SpiceJet,BLR,HYD,2026-09-06,2026-09-21,15,4983,AVAILABLE
demo_connector,IndiGo,BLR,HYD,2026-09-06,2026-10-06,30,4577,AVAILABLE
demo_connector,SpiceJet,BLR,HYD,2026-09-06,2026-10-06,30,4751,AVAILABLE
demo_connector,Air India,BLR,HYD,2026-09-06,2026-10-06,30,4640,AVAILABLE
demo_connector,Akasa Air,BLR,HYD,2026-09-06,2026-10-06,30,4946,AVAILABLE
demo_connector,IndiGo,BLR,HYD,2026-09-06,2026-10-21,45,3573,AVAILABLE
demo_connector,Akasa Air,BLR,HYD,2026-09-06,2026-10-21,45,3841,AVAILABLE
demo_connector,SpiceJet,BLR,HYD,2026-09-06,2026-10-21,45,3877,AVAILABLE
demo_connector,Air India,BLR,HYD,2026-09-06,2026-10-21,45,3868,AVAILABLE
demo_connector,Akasa Air,MAA,DEL,2026-09-06,2026-09-07,1,11347,AVAILABLE
demo_connector,SpiceJet,MAA,DEL,2026-09-06,2026-09-07,1,10200,AVAILABLE
demo_connector,Air India,MAA,DEL,2026-09-06,2026-09-13,7,9655,AVAILABLE
demo_connector,IndiGo,MAA,DEL,2026-09-06,2026-09-13,7,11342,AVAILABLE
demo_connector,Akasa Air,MAA,DEL,2026-09-06,2026-09-13,7,10880,AVAILABLE
demo_connector,Air India,MAA,DEL,2026-09-06,2026-09-21,15,9594,AVAILABLE
demo_connector,SpiceJet,MAA,DEL,2026-09-06,2026-09-21,15,9867,AVAILABLE
demo_connector,Air India,MAA,DEL,2026-09-06,2026-10-06,30,8374,AVAILABLE
demo_connector,SpiceJet,MAA,DEL,2026-09-06,2026-10-06,30,8014,AVAILABLE
demo_connector,IndiGo,MAA,DEL,2026-09-06,2026-10-06,30,9262,AVAILABLE
demo_connector,IndiGo,MAA,DEL,2026-09-06,2026-10-21,45,7622,AVAILABLE
demo_connector,Akasa Air,MAA,DEL,2026-09-06,2026-10-21,45,7215,AVAILABLE
demo_connector,IndiGo,DEL,BOM,2026-09-07,2026-09-08,1,8155,AVAILABLE
demo_connector,Air India,DEL,BOM,2026-09-07,2026-09-08,1,8167,AVAILABLE
demo_connector,SpiceJet,DEL,BOM,2026-09-07,2026-09-08,1,9108,AVAILABLE
demo_connector,IndiGo,DEL,BOM,2026-09-07,2026-09-14,7,7895,AVAILABLE
demo_connector,Akasa Air,DEL,BOM,2026-09-07,2026-09-14,7,7430,AVAILABLE
demo_connector,Air India,DEL,BOM,2026-09-07,2026-09-22,15,7013,AVAILABLE
demo_connector,SpiceJet,DEL,BOM,2026-09-07,2026-09-22,15,7228,AVAILABLE
demo_connector,IndiGo,DEL,BOM,2026-09-07,2026-09-22,15,7202,AVAILABLE
demo_connector,Air India,DEL,BOM,2026-09-07,2026-10-07,30,6539,AVAILABLE
demo_connector,IndiGo,DEL,BOM,2026-09-07,2026-10-07,30,6719,AVAILABLE
demo_connector,Akasa Air,DEL,BOM,2026-09-07,2026-10-07,30,6098,AVAILABLE
demo_connector,SpiceJet,DEL,BOM,2026-09-07,2026-10-07,30,6524,AVAILABLE
demo_connector,Akasa Air,DEL,BOM,2026-09-07,2026-10-22,45,4999,AVAILABLE
demo_connector,Air India,DEL,BOM,2026-09-07,2026-10-22,45,5087,AVAILABLE
demo_connector,IndiGo,DEL,BOM,2026-09-07,2026-10-22,45,5056,AVAILABLE
demo_connector,Akasa Air,DEL,BLR,2026-09-07,2026-09-08,1,11027,AVAILABLE
demo_connector,SpiceJet,DEL,BLR,2026-09-07,2026-09-08,1,10709,AVAILABLE
demo_connector,IndiGo,DEL,BLR,2026-09-07,2026-09-14,7,9663,AVAILABLE
demo_connector,Air India,DEL,BLR,2026-09-07,2026-09-14,7,9827,AVAILABLE
demo_connector,SpiceJet,DEL,BLR,2026-09-07,2026-09-14,7,9152,AVAILABLE
demo_connector,SpiceJet,DEL,BLR,2026-09-07,2026-09-22,15,9548,AVAILABLE
demo_connector,Akasa Air,DEL,BLR,2026-09-07,2026-09-22,15,9137,AVAILABLE
demo_connector,IndiGo,DEL,BLR,2026-09-07,2026-09-22,15,9428,AVAILABLE
demo_connector,Akasa Air,DEL,BLR,2026-09-07,2026-10-07,30,8067,AVAILABLE
demo_connector,Air India,DEL,BLR,2026-09-07,2026-10-07,30,8418,AVAILABLE
demo_connector,SpiceJet,DEL,BLR,2026-09-07,2026-10-07,30,7107,AVAILABLE
demo_connector,IndiGo,DEL,BLR,2026-09-07,2026-10-22,45,6094,AVAILABLE
demo_connector,Air India,DEL,BLR,2026-09-07,2026-10-22,45,6505,AVAILABLE
demo_connector,Akasa Air,DEL,BLR,2026-09-07,2026-10-22,45,6214,AVAILABLE
demo_connector,SpiceJet,BOM,BLR,2026-09-07,2026-09-08,1,7368,AVAILABLE
demo_connector,Air India,BOM,BLR,2026-09-07,2026-09-08,1,6309,AVAILABLE
demo_connector,SpiceJet,BOM,BLR,2026-09-07,2026-09-14,7,6311,AVAILABLE
demo_connector,IndiGo,BOM,BLR,2026-09-07,2026-09-14,7,6587,AVAILABLE
demo_connector,Air India,BOM,BLR,2026-09-07,2026-09-14,7,6167,AVAILABLE
demo_connector,Akasa Air,BOM,BLR,2026-09-07,2026-09-14,7,6710,AVAILABLE
demo_connector,Air India,BOM,BLR,2026-09-07,2026-09-22,15,6416,AVAILABLE
demo_connector,IndiGo,BOM,BLR,2026-09-07,2026-09-22,15,5944,AVAILABLE
demo_connector,Akasa Air,BOM,BLR,2026-09-07,2026-09-22,15,5671,AVAILABLE
demo_connector,SpiceJet,BOM,BLR,2026-09-07,2026-09-22,15,5737,AVAILABLE
demo_connector,Air India,BOM,BLR,2026-09-07,2026-10-07,30,5551,AVAILABLE
demo_connector,IndiGo,BOM,BLR,2026-09-07,2026-10-07,30,4752,AVAILABLE
demo_connector,Akasa Air,BOM,BLR,2026-09-07,2026-10-07,30,4954,AVAILABLE
demo_connector,SpiceJet,BOM,BLR,2026-09-07,2026-10-07,30,4960,AVAILABLE
demo_connector,SpiceJet,BOM,BLR,2026-09-07,2026-10-22,45,4530,AVAILABLE
demo_connector,Akasa Air,BOM,BLR,2026-09-07,2026-10-22,45,4147,AVAILABLE
demo_connector,Air India,DEL,CCU,2026-09-07,2026-09-08,1,9919,AVAILABLE
demo_connector,SpiceJet,DEL,CCU,2026-09-07,2026-09-08,1,8900,AVAILABLE
demo_connector,IndiGo,DEL,CCU,2026-09-07,2026-09-14,7,8255,AVAILABLE
demo_connector,Akasa Air,DEL,CCU,2026-09-07,2026-09-14,7,9434,AVAILABLE
demo_connector,SpiceJet,DEL,CCU,2026-09-07,2026-09-14,7,8602,AVAILABLE
demo_connector,Air India,DEL,CCU,2026-09-07,2026-09-14,7,8803,AVAILABLE
demo_connector,Akasa Air,DEL,CCU,2026-09-07,2026-09-22,15,7953,AVAILABLE
demo_connector,Air India,DEL,CCU,2026-09-07,2026-09-22,15,8911,AVAILABLE
demo_connector,IndiGo,DEL,CCU,2026-09-07,2026-10-07,30,7410,AVAILABLE
demo_connector,Akasa Air,DEL,CCU,2026-09-07,2026-10-07,30,7212,AVAILABLE
demo_connector,Akasa Air,DEL,CCU,2026-09-07,2026-10-22,45,5554,AVAILABLE
demo_connector,SpiceJet,DEL,CCU,2026-09-07,2026-10-22,45,6262,AVAILABLE
demo_connector,Air India,DEL,CCU,2026-09-07,2026-10-22,45,6384,AVAILABLE
demo_connector,IndiGo,DEL,CCU,2026-09-07,2026-10-22,45,6346,AVAILABLE
demo_connector,Air India,BLR,HYD,2026-09-07,2026-09-08,1,6236,AVAILABLE
demo_connector,SpiceJet,BLR,HYD,2026-09-07,2026-09-08,1,5873,AVAILABLE
demo_connector,Akasa Air,BLR,HYD,2026-09-07,2026-09-08,1,5529,AVAILABLE
demo_connector,SpiceJet,BLR,HYD,2026-09-07,2026-09-14,7,5652,AVAILABLE
demo_connector,IndiGo,BLR,HYD,2026-09-07,2026-09-14,7,5971,AVAILABLE
demo_connector,Akasa Air,BLR,HYD,2026-09-07,2026-09-14,7,6266,AVAILABLE
demo_connector,Akasa Air,BLR,HYD,2026-09-07,2026-09-22,15,5087,AVAILABLE
demo_connector,Air India,BLR,HYD,2026-09-07,2026-09-22,15,5429,AVAILABLE
demo_connector,IndiGo,BLR,HYD,2026-09-07,2026-09-22,15,4889,AVAILABLE
demo_connector,Akasa Air,BLR,HYD,2026-09-07,2026-10-07,30,4949,AVAILABLE
demo_connector,IndiGo,BLR,HYD,2026-09-07,2026-10-07,30,4817,AVAILABLE
demo_connector,Air India,BLR,HYD,2026-09-07,2026-10-07,30,4207,AVAILABLE
demo_connector,SpiceJet,BLR,HYD,2026-09-07,2026-10-22,45,3814,AVAILABLE
demo_connector,IndiGo,BLR,HYD,2026-09-07,2026-10-22,45,3861,AVAILABLE
demo_connector,Air India,BLR,HYD,2026-09-07,2026-10-22,45,3922,AVAILABLE
demo_connector,Akasa Air,MAA,DEL,2026-09-07,2026-09-08,1,12030,AVAILABLE
demo_connector,IndiGo,MAA,DEL,2026-09-07,2026-09-08,1,12232,AVAILABLE
demo_connector,Air India,MAA,DEL,2026-09-07,2026-09-08,1,11152,AVAILABLE
demo_connector,IndiGo,MAA,DEL,2026-09-07,2026-09-14,7,10139,AVAILABLE
demo_connector,Air India,MAA,DEL,2026-09-07,2026-09-14,7,10836,AVAILABLE
demo_connector,SpiceJet,MAA,DEL,2026-09-07,2026-09-14,7,10627,AVAILABLE
demo_connector,Akasa Air,MAA,DEL,2026-09-07,2026-09-14,7,10549,AVAILABLE
demo_connector,Akasa Air,MAA,DEL,2026-09-07,2026-09-22,15,10302,AVAILABLE
demo_connector,IndiGo,MAA,DEL,2026-09-07,2026-09-22,15,10312,AVAILABLE
demo_connector,SpiceJet,MAA,DEL,2026-09-07,2026-10-07,30,9079,AVAILABLE
demo_connector,Air India,MAA,DEL,2026-09-07,2026-10-07,30,8771,AVAILABLE
demo_connector,IndiGo,MAA,DEL,2026-09-07,2026-10-22,45,6876,AVAILABLE
demo_connector,Akasa Air,MAA,DEL,2026-09-07,2026-10-22,45,7396,AVAILABLE
demo_connector,IndiGo,DEL,BOM,2026-09-08,2026-09-09,1,9153,AVAILABLE
demo_connector,Air India,DEL,BOM,2026-09-08,2026-09-09,1,8712,AVAILABLE
demo_connector,SpiceJet,DEL,BOM,2026-09-08,2026-09-09,1,8424,AVAILABLE
demo_connector,Akasa Air,DEL,BOM,2026-09-08,2026-09-09,1,7859,AVAILABLE
demo_connector,SpiceJet,DEL,BOM,2026-09-08,2026-09-15,7,8149,AVAILABLE
demo_connector,IndiGo,DEL,BOM,2026-09-08,2026-09-15,7,8210,AVAILABLE
demo_connector,Air India,DEL,BOM,2026-09-08,2026-09-15,7,7818,AVAILABLE
demo_connector,Akasa Air,DEL,BOM,2026-09-08,2026-09-15,7,8507,AVAILABLE
demo_connector,IndiGo,DEL,BOM,2026-09-08,2026-09-23,15,7118,AVAILABLE
demo_connector,Air India,DEL,BOM,2026-09-08,2026-09-23,15,7019,AVAILABLE
demo_connector,Akasa Air,DEL,BOM,2026-09-08,2026-10-08,30,7097,AVAILABLE
demo_connector,SpiceJet,DEL,BOM,2026-09-08,2026-10-08,30,6974,AVAILABLE
demo_connector,IndiGo,DEL,BOM,2026-09-08,2026-10-08,30,6457,AVAILABLE
demo_connector,Air India,DEL,BOM,2026-09-08,2026-10-08,30,6048,AVAILABLE
demo_connector,Akasa Air,DEL,BOM,2026-09-08,2026-10-23,45,5209,AVAILABLE
demo_connector,SpiceJet,DEL,BOM,2026-09-08,2026-10-23,45,5275,AVAILABLE
demo_connector,IndiGo,DEL,BLR,2026-09-08,2026-09-09,1,9996,AVAILABLE
demo_connector,Akasa Air,DEL,BLR,2026-09-08,2026-09-09,1,11159,AVAILABLE
demo_connector,Air India,DEL,BLR,2026-09-08,2026-09-09,1,10799,AVAILABLE
demo_connector,Akasa Air,DEL,BLR,2026-09-08,2026-09-15,7,10332,AVAILABLE
demo_connector,SpiceJet,DEL,BLR,2026-09-08,2026-09-15,7,9367,AVAILABLE
demo_connector,IndiGo,DEL,BLR,2026-09-08,2026-09-15,7,10040,AVAILABLE
demo_connector,Air India,DEL,BLR,2026-09-08,2026-09-15,7,8982,AVAILABLE
demo_connector,SpiceJet,DEL,BLR,2026-09-08,2026-09-23,15,9562,AVAILABLE
demo_connector,Akasa Air,DEL,BLR,2026-09-08,2026-09-23,15,9106,AVAILABLE
demo_connector,Air India,DEL,BLR,2026-09-08,2026-09-23,15,8314,AVAILABLE
demo_connector,IndiGo,DEL,BLR,2026-09-08,2026-09-23,15,8910,AVAILABLE
demo_connector,Air India,DEL,BLR,2026-09-08,2026-10-08,30,7108,AVAILABLE
demo_connector,IndiGo,DEL,BLR,2026-09-08,2026-10-08,30,7521,AVAILABLE
demo_connector,SpiceJet,DEL,BLR,2026-09-08,2026-10-08,30,7428,AVAILABLE
demo_connector,Akasa Air,DEL,BLR,2026-09-08,2026-10-23,45,6012,AVAILABLE
demo_connector,Air India,DEL,BLR,2026-09-08,2026-10-23,45,6668,AVAILABLE
demo_connector,SpiceJet,BOM,BLR,2026-09-08,2026-09-09,1,6895,AVAILABLE
demo_connector,IndiGo,BOM,BLR,2026-09-08,2026-09-09,1,7256,AVAILABLE
demo_connector,Air India,BOM,BLR,2026-09-08,2026-09-09,1,7619,AVAILABLE
demo_connector,IndiGo,BOM,BLR,2026-09-08,2026-09-15,7,6567,AVAILABLE
demo_connector,Air India,BOM,BLR,2026-09-08,2026-09-15,7,6788,AVAILABLE
demo_connector,SpiceJet,BOM,BLR,2026-09-08,2026-09-15,7,6872,AVAILABLE
demo_connector,Air India,BOM,BLR,2026-09-08,2026-09-23,15,5922,AVAILABLE
demo_connector,Akasa Air,BOM,BLR,2026-09-08,2026-09-23,15,6072,AVAILABLE
demo_connector,IndiGo,BOM,BLR,2026-09-08,2026-10-08,30,4841,AVAILABLE
demo_connector,Akasa Air,BOM,BLR,2026-09-08,2026-10-08,30,5299,AVAILABLE
demo_connector,SpiceJet,BOM,BLR,2026-09-08,2026-10-08,30,4750,AVAILABLE
demo_connector,IndiGo,BOM,BLR,2026-09-08,2026-10-23,45,4668,AVAILABLE
demo_connector,Akasa Air,BOM,BLR,2026-09-08,2026-10-23,45,4496,AVAILABLE
demo_connector,Air India,BOM,BLR,2026-09-08,2026-10-23,45,4356,AVAILABLE
demo_connector,IndiGo,DEL,CCU,2026-09-08,2026-09-09,1,8953,AVAILABLE
demo_connector,SpiceJet,DEL,CCU,2026-09-08,2026-09-09,1,9695,AVAILABLE
demo_connector,IndiGo,DEL,CCU,2026-09-08,2026-09-15,7,9211,AVAILABLE
demo_connector,Akasa Air,DEL,CCU,2026-09-08,2026-09-15,7,9469,AVAILABLE
demo_connector,SpiceJet,DEL,CCU,2026-09-08,2026-09-15,7,8285,AVAILABLE
demo_connector,Air India,DEL,CCU,2026-09-08,2026-09-23,15,9094,AVAILABLE
demo_connector,SpiceJet,DEL,CCU,2026-09-08,2026-09-23,15,8428,AVAILABLE
demo_connector,Air India,DEL,CCU,2026-09-08,2026-10-08,30,7640,AVAILABLE
demo_connector,SpiceJet,DEL,CCU,2026-09-08,2026-10-08,30,7461,AVAILABLE
demo_connector,IndiGo,DEL,CCU,2026-09-08,2026-10-08,30,6649,AVAILABLE
demo_connector,Air India,DEL,CCU,2026-09-08,2026-10-23,45,5468,AVAILABLE
demo_connector,SpiceJet,DEL,CCU,2026-09-08,2026-10-23,45,5981,AVAILABLE
demo_connector,Akasa Air,DEL,CCU,2026-09-08,2026-10-23,45,6279,AVAILABLE
demo_connector,Air India,BLR,HYD,2026-09-08,2026-09-09,1,6644,AVAILABLE
demo_connector,SpiceJet,BLR,HYD,2026-09-08,2026-09-09,1,6376,AVAILABLE
demo_connector,Akasa Air,BLR,HYD,2026-09-08,2026-09-09,1,6204,AVAILABLE
demo_connector,IndiGo,BLR,HYD,2026-09-08,2026-09-09,1,6539,AVAILABLE
demo_connector,SpiceJet,BLR,HYD,2026-09-08,2026-09-15,7,5853,AVAILABLE
demo_connector,Air India,BLR,HYD,2026-09-08,2026-09-15,7,5950,AVAILABLE
demo_connector,Air India,BLR,HYD,2026-09-08,2026-09-23,15,5410,AVAILABLE
demo_connector,SpiceJet,BLR,HYD,2026-09-08,2026-09-23,15,5679,AVAILABLE
demo_connector,SpiceJet,BLR,HYD,2026-09-08,2026-10-08,30,4262,AVAILABLE
demo_connector,Akasa Air,BLR,HYD,2026-09-08,2026-10-08,30,4103,AVAILABLE
demo_connector,IndiGo,BLR,HYD,2026-09-08,2026-10-08,30,4907,AVAILABLE
demo_connector,Air India,BLR,HYD,2026-09-08,2026-10-08,30,4361,AVAILABLE
demo_connector,SpiceJet,BLR,HYD,2026-09-08,2026-10-23,45,3562,AVAILABLE
demo_connector,Akasa Air,BLR,HYD,2026-09-08,2026-10-23,45,3621,AVAILABLE
demo_connector,Air India,BLR,HYD,2026-09-08,2026-10-23,45,4063,AVAILABLE
demo_connector,Akasa Air,MAA,DEL,2026-09-08,2026-09-09,1,11659,AVAILABLE
demo_connector,SpiceJet,MAA,DEL,2026-09-08,2026-09-09,1,11439,AVAILABLE
demo_connector,Air India,MAA,DEL,2026-09-08,2026-09-09,1,10298,AVAILABLE
demo_connector,IndiGo,MAA,DEL,2026-09-08,2026-09-09,1,11681,AVAILABLE
demo_connector,Akasa Air,MAA,DEL,2026-09-08,2026-09-15,7,10612,AVAILABLE
demo_connector,IndiGo,MAA,DEL,2026-09-08,2026-09-15,7,10270,AVAILABLE
demo_connector,SpiceJet,MAA,DEL,2026-09-08,2026-09-15,7,11297,AVAILABLE
demo_connector,IndiGo,MAA,DEL,2026-09-08,2026-09-23,15,8949,AVAILABLE
demo_connector,SpiceJet,MAA,DEL,2026-09-08,2026-09-23,15,9213,AVAILABLE
demo_connector,Air India,MAA,DEL,2026-09-08,2026-09-23,15,10811,AVAILABLE
demo_connector,Air India,MAA,DEL,2026-09-08,2026-10-08,30,7816,AVAILABLE
demo_connector,Akasa Air,MAA,DEL,2026-09-08,2026-10-08,30,7812,AVAILABLE
demo_connector,SpiceJet,MAA,DEL,2026-09-08,2026-10-08,30,9162,AVAILABLE
demo_connector,IndiGo,MAA,DEL,2026-09-08,2026-10-08,30,8834,AVAILABLE
demo_connector,SpiceJet,MAA,DEL,2026-09-08,2026-10-23,45,7195,AVAILABLE
demo_connector,Air India,MAA,DEL,2026-09-08,2026-10-23,45,7683,AVAILABLE
demo_connector,Akasa Air,MAA,DEL,2026-09-08,2026-10-23,45,6985,AVAILABLE
